path,source_sha256,public_sha256,source,status
.gitattributes,8f94feaa536046f9c2ff07f35a0f337eb0dfed92abf4d9f2089ebc7162da0a7d,bfe8a73f2fbd143963a96a1c9101572caa5e85e4960f5c3639b98a7f8822a715,source-tree-c660347,updated public documentation
.gitignore,0a183c91bd6dddff289240c8b40181254317840ffb9a29fcf94d9c0d0159967b,f9713def5e65b48f95d7ffc79082acb207b1e713eddf98abfd4a9c07555532e0,source-tree-c660347,updated public documentation
118张开发图复核报告.md,b42341f001dd9e4faab115b7b85a94adcd1adea38ee555ed09867428892c1e68,b42341f001dd9e4faab115b7b85a94adcd1adea38ee555ed09867428892c1e68,source-tree-c660347,unchanged
C1本地检查与小样本开发报告.md,cf0e62f3bed9f2f58f90f69ff3fd60bfa06b173c2eda211c1b444420af9419bd,cf0e62f3bed9f2f58f90f69ff3fd60bfa06b173c2eda211c1b444420af9419bd,source-tree-c660347,unchanged
FIVES核心数据集下载与验证_2026-09-04.md,db43816b6799b89877a697b4d1ad88c638e17860b2ccf8379c17f017760b803a,db43816b6799b89877a697b4d1ad88c638e17860b2ccf8379c17f017760b803a,source-tree-c660347,unchanged
README.md,c3495f1a7eb87354ed31187f96427f237498d450d9b19030d3c2d2b3604c1421,edaa4290dc783f8bb3382a4d61e02b3ccb9daaa388a71a28c78fd15dbb816282,source-tree-c660347,updated public documentation
batch_study/DECISION_2026-09-05.md,666b73f99e22d7da71930599ab2b8812e5a439ae70ddd8115402b9aa986b8706,666b73f99e22d7da71930599ab2b8812e5a439ae70ddd8115402b9aa986b8706,source-tree-c660347,unchanged
batch_study/GPU_BUDGET_5080_2026-09-05.md,ed3344737e8a3095f7810540ba935691a5f332890efaf49d998b2d13743a0e9a,ed3344737e8a3095f7810540ba935691a5f332890efaf49d998b2d13743a0e9a,source-tree-c660347,unchanged
batch_study/PORTABLE.md,1769363cd1cbbffc96dfe7ce54253149f92c4d4b182e6ea7fa166d912a68c9b1,1769363cd1cbbffc96dfe7ce54253149f92c4d4b182e6ea7fa166d912a68c9b1,source-tree-c660347,unchanged
batch_study/PROTOCOL.md,48688f001b82afb171802b35cd2bc72ae2ff8c9c62228bb864c9f116370c1b39,48688f001b82afb171802b35cd2bc72ae2ff8c9c62228bb864c9f116370c1b39,source-tree-c660347,unchanged
batch_study/README.md,4ff83d5346519859e2d91c57a41a1cdc53047df232f50a321f08cbf67d0237ed,4ff83d5346519859e2d91c57a41a1cdc53047df232f50a321f08cbf67d0237ed,source-tree-c660347,unchanged
batch_study/SUPPLEMENT_DECISION_2026-09-05.md,f07e9aa17850d5850096185b2c8318aa881ae9ab3a59ea324694d0e06999db6e,f07e9aa17850d5850096185b2c8318aa881ae9ab3a59ea324694d0e06999db6e,source-tree-c660347,unchanged
batch_study/SUPPLEMENT_PROTOCOL.md,286f38384af5237bffd16c5cc9f4e387102d4c6e88762bc8e5decb03432a0e1e,286f38384af5237bffd16c5cc9f4e387102d4c6e88762bc8e5decb03432a0e1e,source-tree-c660347,unchanged
batch_study/benchmark_native_batch.py,f6283afb4d97d1f9e04464cda2d356ae9a4e69fc6415e907355d4c14136de2e6,f6283afb4d97d1f9e04464cda2d356ae9a4e69fc6415e907355d4c14136de2e6,source-tree-c660347,unchanged
batch_study/compare_interactions.py,294710584dd755a6e091c06c5e46f2c9b01129c25bffa2569c2119581151351c,294710584dd755a6e091c06c5e46f2c9b01129c25bffa2569c2119581151351c,source-tree-c660347,unchanged
batch_study/finalize_audit.py,ff45e0f25dbf14916a2834ca414d185c83ec5bdb95d45dcc34e1c6c051675b5e,ff45e0f25dbf14916a2834ca414d185c83ec5bdb95d45dcc34e1c6c051675b5e,source-tree-c660347,unchanged
batch_study/make_bundle.py,d98407f793327fdbb0b58722f522384de2dae36d3c37b3853fa458fca1da619e,d98407f793327fdbb0b58722f522384de2dae36d3c37b3853fa458fca1da619e,source-tree-c660347,unchanged
batch_study/native_batch_capacity_rtx5080.json,dbab6641492777d97befaeab97c955ddd01636431096426f9e4e305320636d81,dbab6641492777d97befaeab97c955ddd01636431096426f9e4e305320636d81,source-tree-c660347,unchanged
batch_study/numerical_review_5080.json,cb1f03eb8113b0f89c0efc06713e773623e65a1c23eba223ed8ebd2e56aea0ef,cb1f03eb8113b0f89c0efc06713e773623e65a1c23eba223ed8ebd2e56aea0ef,source-tree-c660347,unchanged
batch_study/plot_results.py,662328af623ee60e5c77311f768cce6796fa1bdd5eb2d3b19163dd5674575679,662328af623ee60e5c77311f768cce6796fa1bdd5eb2d3b19163dd5674575679,source-tree-c660347,unchanged
batch_study/results/rtx5080/RESULTS.md,ea08b030cf7671a170336363e8df3036eef81d7da3a99faf4229adfc55a572be,ea08b030cf7671a170336363e8df3036eef81d7da3a99faf4229adfc55a572be,source-tree-c660347,unchanged
batch_study/results/rtx5080/artifact_audit.json,7370f237a2bca3c5bb57947df9a34fd5d922166c0bc57677ca94305f53805277,7370f237a2bca3c5bb57947df9a34fd5d922166c0bc57677ca94305f53805277,source-tree-c660347,unchanged
batch_study/results/rtx5080/batch_sensitivity.png,d313abfae03a8abe703c4c535ad160d74999d948a3a73c3dbfedd8fd1db9a1ef,d313abfae03a8abe703c4c535ad160d74999d948a3a73c3dbfedd8fd1db9a1ef,source-tree-c660347,unchanged
batch_study/results/rtx5080/per_image_metrics.csv,919a832c7f31803355576672726560cb0e2e3b651512c74f9a4c41eecec4e90d,919a832c7f31803355576672726560cb0e2e3b651512c74f9a4c41eecec4e90d,source-tree-c660347,unchanged
batch_study/results/supplement_rtx5080/RESULTS.md,7a9796bd9c5d446f586afc18b37457208969940e8140e0e5780464f14ab62f16,7a9796bd9c5d446f586afc18b37457208969940e8140e0e5780464f14ab62f16,source-tree-c660347,unchanged
batch_study/results/supplement_rtx5080/learning_curves.csv,5c44f186ae83e811f6bb78f25164ecf18ffb830edbea65a6ed084001a696dc7f,5c44f186ae83e811f6bb78f25164ecf18ffb830edbea65a6ed084001a696dc7f,source-tree-c660347,unchanged
batch_study/results/supplement_rtx5080/learning_curves.png,38a7b8c75d35b5b95ec9d17bf06215befc56d3daa892156f80c2b5f09195729c,38a7b8c75d35b5b95ec9d17bf06215befc56d3daa892156f80c2b5f09195729c,source-tree-c660347,unchanged
batch_study/results/supplement_rtx5080/summary.json,c328b900f9685f0ae31e6c2a92fd9fdea8ea450bbb8ef36142623d84b64ed88e,c328b900f9685f0ae31e6c2a92fd9fdea8ea450bbb8ef36142623d84b64ed88e,source-tree-c660347,unchanged
batch_study/resume_verification_5080.json,2d65b5c389ca18de0c144c4d27e24289fdc061d5e72314067ce05727b2ae024f,2d65b5c389ca18de0c144c4d27e24289fdc061d5e72314067ce05727b2ae024f,source-tree-c660347,unchanged
batch_study/summarize_supplement.py,546e7173ed1d478c31c6abe7acca7f217b4cc2d05d67ab84997831c66deb0096,546e7173ed1d478c31c6abe7acca7f217b4cc2d05d67ab84997831c66deb0096,source-tree-c660347,unchanged
batch_study/supplement.py,3d62315c477e742ac69cb6eab855bc7adb6deac92b3e3d743df9fc82b0dbfd74,3d62315c477e742ac69cb6eab855bc7adb6deac92b3e3d743df9fc82b0dbfd74,source-tree-c660347,unchanged
batch_study/verify_resume.py,472902439a37c572d9abac5d459b78422b3a7bc25fefbe195e6b0a293b65f80a,472902439a37c572d9abac5d459b78422b3a7bc25fefbe195e6b0a293b65f80a,source-tree-c660347,unchanged
configs/batch_study_v1.json,f18719106e6b3079994f3ddda84dd307bdf5fac7be0003f46df059d704bc5e66,f18719106e6b3079994f3ddda84dd307bdf5fac7be0003f46df059d704bc5e66,source-tree-c660347,unchanged
configs/data_trial_v1.json,4d9c5371bd6ce5712e250ecd5113c53bd86f7bfb024d9edf476f9da803c6dc3e,4d9c5371bd6ce5712e250ecd5113c53bd86f7bfb024d9edf476f9da803c6dc3e,source-tree-c660347,unchanged
configs/development_v1.json,f6eaba4ea4be4622974dd6eeb7baf2c79c1181e738a59e0fd46fe56b0ed749eb,f6eaba4ea4be4622974dd6eeb7baf2c79c1181e738a59e0fd46fe56b0ed749eb,source-tree-c660347,unchanged
configs/m0_pilot_v1.json,d0e40ae19f298bf9cff042e3705159d0892fe3eb8889c212b783ba8be9da609b,d0e40ae19f298bf9cff042e3705159d0892fe3eb8889c212b783ba8be9da609b,source-tree-c660347,unchanged
configs/m1_pretrial_v1.json,c6f31a81d9fbfa19439db3ed965368f4cc94991c3ea66decba06844a1542b1f6,c6f31a81d9fbfa19439db3ed965368f4cc94991c3ea66decba06844a1542b1f6,source-tree-c660347,unchanged
data_checks/fives_download_2026-09-04/.gitignore,e35b7a0ce0d7570dde511c2b9192936a8d7e0525422f4da4b42297539b1b1d83,e35b7a0ce0d7570dde511c2b9192936a8d7e0525422f4da4b42297539b1b1d83,source-tree-c660347,unchanged
data_checks/fives_download_2026-09-04/README.md,68f218dcbe451c9298065b018fc465d6608d4053360768e239fa941ff7869c25,68f218dcbe451c9298065b018fc465d6608d4053360768e239fa941ff7869c25,source-tree-c660347,unchanged
data_checks/fives_download_2026-09-04/archive_members.json,5cb59c67dbe952ee486a3362674a61fe0b32dfb171db855934da8048e9be0744,5cb59c67dbe952ee486a3362674a61fe0b32dfb171db855934da8048e9be0744,source-tree-c660347,unchanged
data_checks/fives_download_2026-09-04/compare_mirror_index.py,876cfa2f7405600adf22bf4612906ce9d7fe7bc673d0b518909001af85304a91,876cfa2f7405600adf22bf4612906ce9d7fe7bc673d0b518909001af85304a91,source-tree-c660347,unchanged
data_checks/fives_download_2026-09-04/download_evidence.json,ca1120950f95ef7a973677cec9e51575ea3f7e1ca2375f19172a11badbb1d13a,ca1120950f95ef7a973677cec9e51575ea3f7e1ca2375f19172a11badbb1d13a,source-tree-c660347,unchanged
data_checks/fives_download_2026-09-04/download_fives.py,e75f2833fae0be9b62c1ba85ac89ec9ecc6e6440573b3cfb6f1410593ee2a701,e75f2833fae0be9b62c1ba85ac89ec9ecc6e6440573b3cfb6f1410593ee2a701,source-tree-c660347,unchanged
data_checks/fives_download_2026-09-04/fives_manifest.csv,75dbbeb9f1450e4c81cf172fbbce70596321843735b047ce1bda05a0175d6cc9,75dbbeb9f1450e4c81cf172fbbce70596321843735b047ce1bda05a0175d6cc9,source-tree-c660347,unchanged
data_checks/fives_download_2026-09-04/format_evidence.json,d557a6b2e73428895f296ee5c6c6fffa68f7a07db5039703c47a3e18dae1c1fd,d557a6b2e73428895f296ee5c6c6fffa68f7a07db5039703c47a3e18dae1c1fd,source-tree-c660347,unchanged
data_checks/fives_download_2026-09-04/inspect_quality.py,36bf47fa8abba7f48f12a2a226cf1267db98ed801786c5785a8ff747bff854dc,36bf47fa8abba7f48f12a2a226cf1267db98ed801786c5785a8ff747bff854dc,source-tree-c660347,unchanged
data_checks/fives_download_2026-09-04/mirror_comparison_evidence.json,40b6c28ec308f6460fa423ed9d60ae9074373f74ab24f925f5ee05927e24decd,40b6c28ec308f6460fa423ed9d60ae9074373f74ab24f925f5ee05927e24decd,source-tree-c660347,unchanged
data_checks/fives_download_2026-09-04/quality_evidence.json,404d7d67cf891bf762f9fd880c3f5657e9b8e7cc51811f7410fa6b66e3d645ed,404d7d67cf891bf762f9fd880c3f5657e9b8e7cc51811f7410fa6b66e3d645ed,source-tree-c660347,unchanged
data_checks/fives_download_2026-09-04/source_metadata.json,47c37c29e977d9afb135962eae20909882fe6f5046f017fe106f036611651f17,47c37c29e977d9afb135962eae20909882fe6f5046f017fe106f036611651f17,source-tree-c660347,unchanged
data_checks/fives_download_2026-09-04/verify_fives.py,d3f4e5a513e01f9d1f248a06a9fb03cac8e8a53240f845bd69ed2e4501226799,d3f4e5a513e01f9d1f248a06a9fb03cac8e8a53240f845bd69ed2e4501226799,source-tree-c660347,unchanged
data_checks/full_download_2026-09-04/.gitignore,e35b7a0ce0d7570dde511c2b9192936a8d7e0525422f4da4b42297539b1b1d83,e35b7a0ce0d7570dde511c2b9192936a8d7e0525422f4da4b42297539b1b1d83,source-tree-c660347,unchanged
data_checks/full_download_2026-09-04/README.md,2f2b576c0f3c395c60aecd9f572d0891f1c9d65897906a60391fb601eb175c29,2f2b576c0f3c395c60aecd9f572d0891f1c9d65897906a60391fb601eb175c29,source-tree-c660347,unchanged
data_checks/full_download_2026-09-04/download_fundus_public.py,67192c39e5fb41392b2095be8b4dcd008c1a2ac0c6ee9c9f5f188e212f3d0ff4,67192c39e5fb41392b2095be8b4dcd008c1a2ac0c6ee9c9f5f188e212f3d0ff4,source-tree-c660347,unchanged
data_checks/full_download_2026-09-04/download_hrf_full.py,710cb5242a575514aeb7a4bdb7f1d17b16e6bfef5366020c6e1b91abb1cecb30,710cb5242a575514aeb7a4bdb7f1d17b16e6bfef5366020c6e1b91abb1cecb30,source-tree-c660347,unchanged
data_checks/full_download_2026-09-04/fundus_download_evidence.json,5619e4255b629c3eb6a03f2058b0624178d7f896579e6cba86abf37d378c6350,5619e4255b629c3eb6a03f2058b0624178d7f896579e6cba86abf37d378c6350,source-tree-c660347,unchanged
data_checks/full_download_2026-09-04/fundus_format_evidence.json,01301d5d015f188ba3c819082f6e4ef38ba8200bedf7392c4ec4a8e97dae6c1e,01301d5d015f188ba3c819082f6e4ef38ba8200bedf7392c4ec4a8e97dae6c1e,source-tree-c660347,unchanged
data_checks/full_download_2026-09-04/fundus_manifest.csv,a93d71bfd65ebafe1442b0533d712961b5af4dd77f63cfafacb26fd8b8d28b54,a93d71bfd65ebafe1442b0533d712961b5af4dd77f63cfafacb26fd8b8d28b54,source-tree-c660347,unchanged
data_checks/full_download_2026-09-04/fundus_metadata_evidence.json,f23ad2bcb0cb2db2e3054db292739207706066db7749c952233ae1d5f1be497f,f23ad2bcb0cb2db2e3054db292739207706066db7749c952233ae1d5f1be497f,source-tree-c660347,unchanged
data_checks/full_download_2026-09-04/hrf_download_evidence.json,4cb421082d84d4c5a71cb9fdf5813cc8bf00d5ef1ad4de77858829b97e133242,4cb421082d84d4c5a71cb9fdf5813cc8bf00d5ef1ad4de77858829b97e133242,source-tree-c660347,unchanged
data_checks/full_download_2026-09-04/hrf_format_evidence.json,b3d513e9e0aacf5b03ef99d448df309ef52e0df36da5c84f1e526c07e35c4c31,b3d513e9e0aacf5b03ef99d448df309ef52e0df36da5c84f1e526c07e35c4c31,source-tree-c660347,unchanged
data_checks/full_download_2026-09-04/hrf_manifest.csv,733b2d284e0a59da20cef8baebdb7164ca118808f55f74798e44a7a5b25034c4,733b2d284e0a59da20cef8baebdb7164ca118808f55f74798e44a7a5b25034c4,source-tree-c660347,unchanged
data_checks/full_download_2026-09-04/hrf_nonbinary_mask_evidence.json,5be6fbd509442209d5072c75a56a81b4e08af483060d83046bcbd409badce2c9,5be6fbd509442209d5072c75a56a81b4e08af483060d83046bcbd409badce2c9,source-tree-c660347,unchanged
data_checks/full_download_2026-09-04/http_diagnosis_evidence.json,a86015ccaee2e7daad745291416ecac02f74640dbd962c4087dcccc27a417d86,a86015ccaee2e7daad745291416ecac02f74640dbd962c4087dcccc27a417d86,source-tree-c660347,unchanged
data_checks/full_download_2026-09-04/inspect_fundus_metadata.py,18dec212771d2c21bd7b2017616ddc2e91b70c3d93d7632d33a8c3989843f9df,18dec212771d2c21bd7b2017616ddc2e91b70c3d93d7632d33a8c3989843f9df,source-tree-c660347,unchanged
data_checks/full_download_2026-09-04/kaggle_files_evidence.json,52c96b49b540e26a8fded698b558b829c21e3d9822e97e1793772896237fe28b,52c96b49b540e26a8fded698b558b829c21e3d9822e97e1793772896237fe28b,source-tree-c660347,unchanged
data_checks/full_download_2026-09-04/kaggle_view_evidence.json,3379eae29dc00de4a60107c5d016dafa5b795774132f79450e5c0476380cec5c,3379eae29dc00de4a60107c5d016dafa5b795774132f79450e5c0476380cec5c,source-tree-c660347,unchanged
data_checks/full_download_2026-09-04/verify_fundus_full.py,fac93432abbe68651f98d5bab40ae961b44d8858922339c212b7a1502572bd63,fac93432abbe68651f98d5bab40ae961b44d8858922339c212b7a1502572bd63,source-tree-c660347,unchanged
data_checks/full_download_2026-09-04/verify_hrf_full.py,d62e2a869f7a033a6f2c196d7cb0a56be47304d5dd3eee45f75d16b9b4730185,d62e2a869f7a033a6f2c196d7cb0a56be47304d5dd3eee45f75d16b9b4730185,source-tree-c660347,unchanged
data_checks/minimal_download_2026-09-04/.gitignore,435adfa6e72e95f1d267299d39428f0187e82326e51b01db224f5238273ce831,435adfa6e72e95f1d267299d39428f0187e82326e51b01db224f5238273ce831,source-tree-c660347,unchanged
data_checks/minimal_download_2026-09-04/README.md,8f48ebf785b5bea88eebd8b567bd3311efae93c71d75bd1c4335e630d99f1d60,8f48ebf785b5bea88eebd8b567bd3311efae93c71d75bd1c4335e630d99f1d60,source-tree-c660347,unchanged
data_checks/minimal_download_2026-09-04/check_hrf_format.py,aff51542be6bdb522edc4841f2c30d183bf112cae296d6b2e92812ded794596b,aff51542be6bdb522edc4841f2c30d183bf112cae296d6b2e92812ded794596b,source-tree-c660347,unchanged
data_checks/minimal_download_2026-09-04/download_hrf_sample.py,e783b79b341159ee6684722720e8bd9da96cb174c223055f6d898340c903c394,e783b79b341159ee6684722720e8bd9da96cb174c223055f6d898340c903c394,source-tree-c660347,unchanged
data_checks/minimal_download_2026-09-04/fundus_access_evidence.json,819d089b025114438b2f8babce407c9ac6f3de752e61591771a2b16bed688336,819d089b025114438b2f8babce407c9ac6f3de752e61591771a2b16bed688336,source-tree-c660347,unchanged
data_checks/minimal_download_2026-09-04/hrf_download_evidence.json,a999f2f38f70ac3a8bb00dbae002e0d2c32612253afc9a21de71c3104f36259a,a999f2f38f70ac3a8bb00dbae002e0d2c32612253afc9a21de71c3104f36259a,source-tree-c660347,unchanged
data_checks/minimal_download_2026-09-04/hrf_format_evidence.json,f91cb1bcd28f170ba0a16627d65da30a9697c3faf872959877ff72bfa6ac2052,f91cb1bcd28f170ba0a16627d65da30a9697c3faf872959877ff72bfa6ac2052,source-tree-c660347,unchanged
data_preparation/README.md,949e47271d3b9c0f6fcd1f84b6b8deae5f7e8d4ddc27389a4454ba6a6536e00a,949e47271d3b9c0f6fcd1f84b6b8deae5f7e8d4ddc27389a4454ba6a6536e00a,source-tree-c660347,unchanged
data_preparation/draw_signatures.json,1d09a215588a38c6cd56f60e0b1ec173f516f13605a1f739aa4aa441b9df958a,1d09a215588a38c6cd56f60e0b1ec173f516f13605a1f739aa4aa441b9df958a,source-tree-c660347,unchanged
data_preparation/manifests/all_train.csv,736d1b0164e4a81a977d87b3d93a555bd438a0ad36a24b03568fc10bb2967f9f,736d1b0164e4a81a977d87b3d93a555bd438a0ad36a24b03568fc10bb2967f9f,source-tree-c660347,unchanged
data_preparation/manifests/edge_cases.csv,94c2683bbc38f4f50d7901d1a46682738bf2c5801b53d47971be66ffa4cedc4b,94c2683bbc38f4f50d7901d1a46682738bf2c5801b53d47971be66ffa4cedc4b,source-tree-c660347,unchanged
data_preparation/manifests/overfit.csv,b3a0311476dc0f5b97fa76fa61cd779531bf2d3c0dac5bce3be7cc23fbe8f510,b3a0311476dc0f5b97fa76fa61cd779531bf2d3c0dac5bce3be7cc23fbe8f510,source-tree-c660347,unchanged
data_preparation/manifests/smoke_train.csv,34f4e68f8751ad42fe99ec87fd652061d47b36f6a15b612454799c262d69e27a,34f4e68f8751ad42fe99ec87fd652061d47b36f6a15b612454799c262d69e27a,source-tree-c660347,unchanged
data_preparation/manifests/smoke_val.csv,609c5214dfb2b84dd20bf5ba353649712a60d125a32275b87431de329423bd19,609c5214dfb2b84dd20bf5ba353649712a60d125a32275b87431de329423bd19,source-tree-c660347,unchanged
data_preparation/selection_summary.json,3cb24a1078dd2fdef03886e55fb03f3330998eaca0c8df1366499c431542e3f7,3cb24a1078dd2fdef03886e55fb03f3330998eaca0c8df1366499c431542e3f7,source-tree-c660347,unchanged
data_preparation/visual_review.md,15949cb9b8e84cd53bf943316a0ef4398bb412e9ff48ae773ef8e7b1b61a2231,15949cb9b8e84cd53bf943316a0ef4398bb412e9ff48ae773ef8e7b1b61a2231,source-tree-c660347,unchanged
data_preparation/试跑规则_v1.md,8c449fa0f27edf6f94bff0d1d5c58f627d72c3dece89df5bd8c1796db7eeaa6e,8c449fa0f27edf6f94bff0d1d5c58f627d72c3dece89df5bd8c1796db7eeaa6e,source-tree-c660347,unchanged
environment/README.md,5ece87d424b93a0227e81306e782da4c7d39226a5d5c464a59ba494f53532054,5ece87d424b93a0227e81306e782da4c7d39226a5d5c464a59ba494f53532054,source-tree-c660347,unchanged
environment/freeze_environment.py,2ebb412987dce14eadfb88bc4b22e7b202c18cf88684587266d3d693d164c5a1,2ebb412987dce14eadfb88bc4b22e7b202c18cf88684587266d3d693d164c5a1,source-tree-c660347,unchanged
environment/requirements-direct.txt,b779a8581e66a1b7dfd7bde3c28bdfd408c727c2df45671bcc9d3c608d0b99ef,b779a8581e66a1b7dfd7bde3c28bdfd408c727c2df45671bcc9d3c608d0b99ef,source-tree-c660347,unchanged
environment/requirements-runtime.lock.txt,2b900d3c894cd85d9152d3b3f0ad7dd43422fb1aa996e621f416d9dd63179253,2b900d3c894cd85d9152d3b3f0ad7dd43422fb1aa996e621f416d9dd63179253,source-tree-c660347,unchanged
environment/requirements-torch.lock.txt,678691547dc83b5ecbb7bab0becf918cb972138f56feebcdf3f6111682243752,678691547dc83b5ecbb7bab0becf918cb972138f56feebcdf3f6111682243752,source-tree-c660347,unchanged
environment/setup.ps1,4b27977b087748efeae6167401d36308b7602d900e8fc6dcd04df274aeae2efd,4b27977b087748efeae6167401d36308b7602d900e8fc6dcd04df274aeae2efd,source-tree-c660347,unchanged
environment/verify_environment.py,527e52d6e7cd797b483ceb58c1b1f78691f2f89cc6b5a7fcc8842ea56a55251e,527e52d6e7cd797b483ceb58c1b1f78691f2f89cc6b5a7fcc8842ea56a55251e,source-tree-c660347,unchanged
local_deployment/c1_performance.py,15133f73a928d686bc8cd788294314c22e52901da491474b5ef18776a082b987,15133f73a928d686bc8cd788294314c22e52901da491474b5ef18776a082b987,source-tree-c660347,unchanged
local_deployment/cached_c1.py,43138ac2042a7f99e7504d7d05b2fb7cd4840465a069cf4b8f6a6789f5fe6173,43138ac2042a7f99e7504d7d05b2fb7cd4840465a069cf4b8f6a6789f5fe6173,source-tree-c660347,unchanged
local_deployment/cached_data.py,8d4bcee5fd936d608760f8ad4a456b2b0fbf29e0b84d8b27e57935e1830d5eee,8d4bcee5fd936d608760f8ad4a456b2b0fbf29e0b84d8b27e57935e1830d5eee,source-tree-c660347,unchanged
local_deployment/performance.py,b747212579cd9bf8b88e27caa8549a76b86bedc9a3e4f630fbcc218880087348,b747212579cd9bf8b88e27caa8549a76b86bedc9a3e4f630fbcc218880087348,source-tree-c660347,unchanged
local_deployment/validation_benchmark.py,6f8f110ffeebb2a57b4606b2f174cf27c8371c2b0424d4b59145e7fe052a062d,6f8f110ffeebb2a57b4606b2f174cf27c8371c2b0424d4b59145e7fe052a062d,source-tree-c660347,unchanged
local_deployment/verify_environment_4070.py,c57de2050eb560a40f33657d1fd7902726cd63a18bea5560755ceb013995aee4,c57de2050eb560a40f33657d1fd7902726cd63a18bea5560755ceb013995aee4,source-tree-c660347,unchanged
local_inference.py,91237a34d101957a3d714f99d04aa08780aba7dd42111b9b16684c0b0154d96d,91237a34d101957a3d714f99d04aa08780aba7dd42111b9b16684c0b0154d96d,source-tree-c660347,unchanged
m0_pilot/M0试跑报告_2026-09-04.md,3df61576a1dacaead86c5ddf58fb9dcb2463dfe4b3b085b8b40789ac48fa2a83,3df61576a1dacaead86c5ddf58fb9dcb2463dfe4b3b085b8b40789ac48fa2a83,source-tree-c660347,unchanged
m0_pilot/README.md,ef4a2ca280445fb422231811e5bc90d64d5e9c1cc6439729881b79139e5b93aa,ef4a2ca280445fb422231811e5bc90d64d5e9c1cc6439729881b79139e5b93aa,source-tree-c660347,unchanged
m0_pilot/artifact_check.json,b864203a8e32861d24ab34d74a6e1b774a93ad0fbd57113b4b9da1b78c9f0b74,b864203a8e32861d24ab34d74a6e1b774a93ad0fbd57113b4b9da1b78c9f0b74,source-tree-c660347,unchanged
m0_pilot/resource_profile.json,e5043b7bcafef9085103a60f3e6e3d05dafc2f38828fee0ab2eb72719fd0fe37,e5043b7bcafef9085103a60f3e6e3d05dafc2f38828fee0ab2eb72719fd0fe37,source-tree-c660347,unchanged
m0_pilot/summarize.py,9780983a82bd8ebea6e19f396f610bc8c717767073785578d432d2bd6ddd491b,9780983a82bd8ebea6e19f396f610bc8c717767073785578d432d2bd6ddd491b,source-tree-c660347,unchanged
m0_pilot/summary.json,6dcf69eb0d8a60b312937c5701ce3eebf742c06049e160effbb174eb112a7aba,6dcf69eb0d8a60b312937c5701ce3eebf742c06049e160effbb174eb112a7aba,source-tree-c660347,unchanged
m0_pilot/试跑协议_v1.md,e42a384d19b64cbf4b99e022de209a07210c0296090142436d7678b50f0c5d03,e42a384d19b64cbf4b99e022de209a07210c0296090142436d7678b50f0c5d03,source-tree-c660347,unchanged
migration/README.md,b50ad32f7f623f7413216ec0ce445bf63b0165255f3d3f88e178d6ce98cc76d9,f86df69628f432c819b4a99c25b903afd789119cd62fd7a37147b3db279bd188,source-tree-c660347,updated public documentation
migration/build_snapshot.py,25797c4372f75588e474f6c0a0a2cd3e35f2b9f74f12b8352dda85ea13f3f4b9,25797c4372f75588e474f6c0a0a2cd3e35f2b9f74f12b8352dda85ea13f3f4b9,source-tree-c660347,unchanged
migration/restore_snapshot.py,e42f3c10c09c6880c42e5ca7f4e6082df69aec3164528fda67da009b26ed1edf,e42f3c10c09c6880c42e5ca7f4e6082df69aec3164528fda67da009b26ed1edf,source-tree-c660347,unchanged
releases/FREEZE_STATUS_2026-09-05.md,71bc38e54538b5525fd150475646dd9854cab0cab5f2906c84d6392f4bb8d7ab,71bc38e54538b5525fd150475646dd9854cab0cab5f2906c84d6392f4bb8d7ab,source-tree-c660347,unchanged
releases/M0_FIRST2500_TRANSFER_2026-09-05.json,a46d08b501428cd4e9e77315eddc58f077395fa123cbeff0216ade432ba14f32,a46d08b501428cd4e9e77315eddc58f077395fa123cbeff0216ade432ba14f32,source-tree-c660347,unchanged
releases/M0_M1_DEVELOPMENT_GPU_BUDGET_2026-09-05.md,0f8913f51a05ef5342ada167fd08411ce8b6ff99145603269bbd65d0502ea48a,0f8913f51a05ef5342ada167fd08411ce8b6ff99145603269bbd65d0502ea48a,source-tree-c660347,unchanged
releases/M1_PRETRIAL_STATUS_2026-09-05.md,da89467d9d1d2f261f2ad4cd596c33b85f1a87459f1d7879b3c741011c5ebdf3,da89467d9d1d2f261f2ad4cd596c33b85f1a87459f1d7879b3c741011c5ebdf3,source-tree-c660347,unchanged
releases/development_v1/QA_APPROVED.json,efaebb21796c8f2d21bd228747e299d63487cdf37d54fdc09ebb37b59c39ab01,efaebb21796c8f2d21bd228747e299d63487cdf37d54fdc09ebb37b59c39ab01,source-tree-c660347,unchanged
releases/development_v1/START_HERE.md,182ee6b53d060b409c94b4ae645b88db7aac7972b607049de009186b6b58d7e3,182ee6b53d060b409c94b4ae645b88db7aac7972b607049de009186b6b58d7e3,source-tree-c660347,unchanged
releases/development_v1/all.csv,4b256f1b6bef4b8db54568403262f44bcecfccddd43b12a405396311a49bc522,4b256f1b6bef4b8db54568403262f44bcecfccddd43b12a405396311a49bc522,source-tree-c660347,unchanged
releases/development_v1/data_summary.json,6af0543e275790f41fbea2e320dee021b3ffd5a281aaa88ccdb2dc40b48619e5,6af0543e275790f41fbea2e320dee021b3ffd5a281aaa88ccdb2dc40b48619e5,source-tree-c660347,unchanged
releases/development_v1/edge_only.csv,7c4a6b80761f6abbde32ea2fe6b0c9828b138a66b9198505baed28005f861e62,7c4a6b80761f6abbde32ea2fe6b0c9828b138a66b9198505baed28005f861e62,source-tree-c660347,unchanged
releases/development_v1/fov/100_A.png,08a916ae60b2eb0e7fafbcb63c76f3df10f679ce3994f9a18e9e817d83db7b9f,08a916ae60b2eb0e7fafbcb63c76f3df10f679ce3994f9a18e9e817d83db7b9f,source-tree-c660347,unchanged
releases/development_v1/fov/101_A.png,4030abb80294b7ebdd4a6673e6e54ca92ff1c402f73068669711cf077f4202fe,4030abb80294b7ebdd4a6673e6e54ca92ff1c402f73068669711cf077f4202fe,source-tree-c660347,unchanged
releases/development_v1/fov/102_A.png,537ee607aea80c19a4d77df477e782a2864be7620dad430e2997d5db7a89fbee,537ee607aea80c19a4d77df477e782a2864be7620dad430e2997d5db7a89fbee,source-tree-c660347,unchanged
releases/development_v1/fov/103_A.png,7618c3a7425c4a1b747f571f08814be225f13a44f6606488d4d9a553e8b9577e,7618c3a7425c4a1b747f571f08814be225f13a44f6606488d4d9a553e8b9577e,source-tree-c660347,unchanged
releases/development_v1/fov/104_A.png,1c0b7e41cada8bc1b93735da566047eca3e3f802ac497996e18b71e3cf902003,1c0b7e41cada8bc1b93735da566047eca3e3f802ac497996e18b71e3cf902003,source-tree-c660347,unchanged
releases/development_v1/fov/105_A.png,e1e7bc0ef1772eff37529e6849b34f050ffbee1eca3e25e570cf6bfa8ff498bc,e1e7bc0ef1772eff37529e6849b34f050ffbee1eca3e25e570cf6bfa8ff498bc,source-tree-c660347,unchanged
releases/development_v1/fov/106_A.png,13ccb94da97ae8602bf9af487602e47ccff10e40460a4b3cc1ffd14c8a39eb06,13ccb94da97ae8602bf9af487602e47ccff10e40460a4b3cc1ffd14c8a39eb06,source-tree-c660347,unchanged
releases/development_v1/fov/107_A.png,b1b673f355211da6c30d8f5b6a1dc14761b7f2a640511ee2dd911da28e1bb231,b1b673f355211da6c30d8f5b6a1dc14761b7f2a640511ee2dd911da28e1bb231,source-tree-c660347,unchanged
releases/development_v1/fov/108_A.png,c1df98a7857ac35cdd1ddfaa7d98446317159357d0cb2adfe5e43111227148b3,c1df98a7857ac35cdd1ddfaa7d98446317159357d0cb2adfe5e43111227148b3,source-tree-c660347,unchanged
releases/development_v1/fov/109_A.png,93627df5794786435df813689ceeafb7c39ff1b53463eaffe3a501d3a45039d7,93627df5794786435df813689ceeafb7c39ff1b53463eaffe3a501d3a45039d7,source-tree-c660347,unchanged
releases/development_v1/fov/10_A.png,2f7847ea68c8ef2bf670d66f1b69a37850e57c781d63287db6f2a4cd2a6a3405,2f7847ea68c8ef2bf670d66f1b69a37850e57c781d63287db6f2a4cd2a6a3405,source-tree-c660347,unchanged
releases/development_v1/fov/110_A.png,642ab0a0931f3807fc491c7ec3ef673e7d0022e3a5d7edd2d6b1156a3091cdd0,642ab0a0931f3807fc491c7ec3ef673e7d0022e3a5d7edd2d6b1156a3091cdd0,source-tree-c660347,unchanged
releases/development_v1/fov/111_A.png,337ea6d6da729bfa4e9df6ce3ef5de43a667fc07916b143c2fb3238545a9d711,337ea6d6da729bfa4e9df6ce3ef5de43a667fc07916b143c2fb3238545a9d711,source-tree-c660347,unchanged
releases/development_v1/fov/112_A.png,80434ee95e5561a9be43d4d2e1b2241914a1aca252c6920612f51e7fe26ca41d,80434ee95e5561a9be43d4d2e1b2241914a1aca252c6920612f51e7fe26ca41d,source-tree-c660347,unchanged
releases/development_v1/fov/113_A.png,3529d1243e70556514bd8588ad7e45e27a397464a6f2c8749a7bb25e2ba1e7ec,3529d1243e70556514bd8588ad7e45e27a397464a6f2c8749a7bb25e2ba1e7ec,source-tree-c660347,unchanged
releases/development_v1/fov/114_A.png,9e90d00480f3d4b4aa9d0c3a64be7844b61728c65f48a36e54dadf9000125ba4,9e90d00480f3d4b4aa9d0c3a64be7844b61728c65f48a36e54dadf9000125ba4,source-tree-c660347,unchanged
releases/development_v1/fov/115_A.png,5d732ad01878f4c4b7f5dbbba4ab49dace06a76885d6b378f94437a9d4e03f0d,5d732ad01878f4c4b7f5dbbba4ab49dace06a76885d6b378f94437a9d4e03f0d,source-tree-c660347,unchanged
releases/development_v1/fov/116_A.png,244125b05f3d0fa7a4b1133735a5940305d08d968ef7d0f5332076b34d4bbec5,244125b05f3d0fa7a4b1133735a5940305d08d968ef7d0f5332076b34d4bbec5,source-tree-c660347,unchanged
releases/development_v1/fov/117_A.png,63b39d97c80d194666d5a54a38350b4563704debb3fa05b21851249b7d4046c1,63b39d97c80d194666d5a54a38350b4563704debb3fa05b21851249b7d4046c1,source-tree-c660347,unchanged
releases/development_v1/fov/118_A.png,eb1af0d99ce492c0091c8e6882aad152b92da4a5c0542d9f876e2afb949c7aa1,eb1af0d99ce492c0091c8e6882aad152b92da4a5c0542d9f876e2afb949c7aa1,source-tree-c660347,unchanged
releases/development_v1/fov/119_A.png,b8d4a84c5c681de471d8146345c84fb575f783a0615cefa171c2dc1e99697350,b8d4a84c5c681de471d8146345c84fb575f783a0615cefa171c2dc1e99697350,source-tree-c660347,unchanged
releases/development_v1/fov/11_A.png,316013b7a5f591a7e552138cdcbfa7d6c47f3a279385fba8c54473be7a639733,316013b7a5f591a7e552138cdcbfa7d6c47f3a279385fba8c54473be7a639733,source-tree-c660347,unchanged
releases/development_v1/fov/120_A.png,d5f57ed1e6dcbcaae6b15a78dd804920bb889ccf08f03ab2cf6a3e640beede4f,d5f57ed1e6dcbcaae6b15a78dd804920bb889ccf08f03ab2cf6a3e640beede4f,source-tree-c660347,unchanged
releases/development_v1/fov/121_A.png,168434d85343295e3ad586db211dabf474f8a67cc18a062bb3d2ced141ed2e14,168434d85343295e3ad586db211dabf474f8a67cc18a062bb3d2ced141ed2e14,source-tree-c660347,unchanged
releases/development_v1/fov/122_A.png,4b0c592e0415421583c9dc9417e9178f89f5f702312f44e316b3245eae055095,4b0c592e0415421583c9dc9417e9178f89f5f702312f44e316b3245eae055095,source-tree-c660347,unchanged
releases/development_v1/fov/123_A.png,874cc08def296a8d3591dc2050e1581ed320ba50b50eff810f943ef785fd5e77,874cc08def296a8d3591dc2050e1581ed320ba50b50eff810f943ef785fd5e77,source-tree-c660347,unchanged
releases/development_v1/fov/124_A.png,341577664b88dd1ea5e5d4f1138eac54135d4346c680ce0713cc69f2ea920407,341577664b88dd1ea5e5d4f1138eac54135d4346c680ce0713cc69f2ea920407,source-tree-c660347,unchanged
releases/development_v1/fov/125_A.png,0c6397d83700b6a6deffb33a6f3881ed9f5a59e2c9d5b86dfdf47d3c1bc91f3c,0c6397d83700b6a6deffb33a6f3881ed9f5a59e2c9d5b86dfdf47d3c1bc91f3c,source-tree-c660347,unchanged
releases/development_v1/fov/126_A.png,fffebb289985da7e64b30cff2377feb2cf47da73d33175d53ae5290b27cff065,fffebb289985da7e64b30cff2377feb2cf47da73d33175d53ae5290b27cff065,source-tree-c660347,unchanged
releases/development_v1/fov/127_A.png,ecd46faa7e7db5f8be63fe2df1747909b63806b60b8b226040988c96366f4e16,ecd46faa7e7db5f8be63fe2df1747909b63806b60b8b226040988c96366f4e16,source-tree-c660347,unchanged
releases/development_v1/fov/128_A.png,7ba1b9ae1bc477d305d237236108a8a11b3b53e80117a7a308853ce1f1d3ea92,7ba1b9ae1bc477d305d237236108a8a11b3b53e80117a7a308853ce1f1d3ea92,source-tree-c660347,unchanged
releases/development_v1/fov/129_A.png,61f392c722848b5446faafa615d092154a1788feea11409b518009aedaad3d47,61f392c722848b5446faafa615d092154a1788feea11409b518009aedaad3d47,source-tree-c660347,unchanged
releases/development_v1/fov/12_A.png,984cc33acc173147bbaff393b2c1353a28b6f8a7cbed3b29652428f3d8ac5a01,984cc33acc173147bbaff393b2c1353a28b6f8a7cbed3b29652428f3d8ac5a01,source-tree-c660347,unchanged
releases/development_v1/fov/130_A.png,eab68fe623581f538bdb3aed198e828ed4bd72c5107dbd417e5366ffeb336f28,eab68fe623581f538bdb3aed198e828ed4bd72c5107dbd417e5366ffeb336f28,source-tree-c660347,unchanged
releases/development_v1/fov/131_A.png,2e2b752f748b60379a1a4525bf8f9e6019f262332f124980a6204c00f2a8e650,2e2b752f748b60379a1a4525bf8f9e6019f262332f124980a6204c00f2a8e650,source-tree-c660347,unchanged
releases/development_v1/fov/132_A.png,5ac0416892bb964ba7b92a7a063c9056ede933fe2e5ba0c00335f5fc6050738f,5ac0416892bb964ba7b92a7a063c9056ede933fe2e5ba0c00335f5fc6050738f,source-tree-c660347,unchanged
releases/development_v1/fov/133_A.png,83562847b1fcd74b635df3b970056ba7f271ecfb363956d44eab2ee7a8899696,83562847b1fcd74b635df3b970056ba7f271ecfb363956d44eab2ee7a8899696,source-tree-c660347,unchanged
releases/development_v1/fov/134_A.png,e87e7323ef4973e9245c9aa37b1763100218a572a2ac89dd5059acc4ed0d5bcc,e87e7323ef4973e9245c9aa37b1763100218a572a2ac89dd5059acc4ed0d5bcc,source-tree-c660347,unchanged
releases/development_v1/fov/135_A.png,9c008116f0ac33028119d8d8b3890fd8fd4607aae95c40995db86e9fd0dd3f4a,9c008116f0ac33028119d8d8b3890fd8fd4607aae95c40995db86e9fd0dd3f4a,source-tree-c660347,unchanged
releases/development_v1/fov/136_A.png,72ac61dde4d36ba5e20773c123b1ca8f2ff4453d028c9f9f1fdcdfed55bb5a8f,72ac61dde4d36ba5e20773c123b1ca8f2ff4453d028c9f9f1fdcdfed55bb5a8f,source-tree-c660347,unchanged
releases/development_v1/fov/137_A.png,3acf340a3ecfb9b14a86fd27b027df2a570b7ec2d07420f9362a52820615b819,3acf340a3ecfb9b14a86fd27b027df2a570b7ec2d07420f9362a52820615b819,source-tree-c660347,unchanged
releases/development_v1/fov/138_A.png,9a48459c00a9bbc19fcce80e68a5a2279099200f28cb75b337907245dd1afc1d,9a48459c00a9bbc19fcce80e68a5a2279099200f28cb75b337907245dd1afc1d,source-tree-c660347,unchanged
releases/development_v1/fov/139_A.png,b2853c50094a1d618f01297eb72b208043ffefd4ed97b45502f5e2af161a6e49,b2853c50094a1d618f01297eb72b208043ffefd4ed97b45502f5e2af161a6e49,source-tree-c660347,unchanged
releases/development_v1/fov/13_A.png,d9c80641d27620a0c98abd5fe7eba4d1cc0309f709fd6f5cccf776003de8bee8,d9c80641d27620a0c98abd5fe7eba4d1cc0309f709fd6f5cccf776003de8bee8,source-tree-c660347,unchanged
releases/development_v1/fov/140_A.png,fa1d470b95a36f96652d3b79ba9779d824a3ca53e8abe9004625d2ebc0cbed81,fa1d470b95a36f96652d3b79ba9779d824a3ca53e8abe9004625d2ebc0cbed81,source-tree-c660347,unchanged
releases/development_v1/fov/141_A.png,bc9bc5cd43951af12e60275d07451de1c837aa7b231de3c50595e8813287a128,bc9bc5cd43951af12e60275d07451de1c837aa7b231de3c50595e8813287a128,source-tree-c660347,unchanged
releases/development_v1/fov/142_A.png,4f4cea11d1bfe1b988cad0f4892f6c96249998ddf0916e5d266e9e7139081b34,4f4cea11d1bfe1b988cad0f4892f6c96249998ddf0916e5d266e9e7139081b34,source-tree-c660347,unchanged
releases/development_v1/fov/143_A.png,b8a9335e493686a7b91d3cbea11fd25a2681e62c6a341d81ed0ba380ce3db39f,b8a9335e493686a7b91d3cbea11fd25a2681e62c6a341d81ed0ba380ce3db39f,source-tree-c660347,unchanged
releases/development_v1/fov/144_A.png,727a26ff1f9fa1f2d569108ffb3e892e3d42561d20001a9a301a61e759ed55af,727a26ff1f9fa1f2d569108ffb3e892e3d42561d20001a9a301a61e759ed55af,source-tree-c660347,unchanged
releases/development_v1/fov/145_A.png,3c1068f81943038ae37b697b4eb4ca0c76f4c5812fe94c4a8df520a38fc3aba9,3c1068f81943038ae37b697b4eb4ca0c76f4c5812fe94c4a8df520a38fc3aba9,source-tree-c660347,unchanged
releases/development_v1/fov/146_A.png,0492b5fbef9c29ed2ed0bd1f7e9d560ff7daca7f604646712b1f2b02e980766e,0492b5fbef9c29ed2ed0bd1f7e9d560ff7daca7f604646712b1f2b02e980766e,source-tree-c660347,unchanged
releases/development_v1/fov/147_A.png,e19f31f8192f489129e31d1927381c1313d1757c5af38df60512a7a293c87b5d,e19f31f8192f489129e31d1927381c1313d1757c5af38df60512a7a293c87b5d,source-tree-c660347,unchanged
releases/development_v1/fov/148_A.png,d1fe1ff9c504e46584360d6a68224f1a82d68ee62a76108ecce7b9062f92c1b1,d1fe1ff9c504e46584360d6a68224f1a82d68ee62a76108ecce7b9062f92c1b1,source-tree-c660347,unchanged
releases/development_v1/fov/149_A.png,9fcc51cedb527c3fbcae58c51cb4e4e32af714a5025d0cdd4b25f7c804da9af7,9fcc51cedb527c3fbcae58c51cb4e4e32af714a5025d0cdd4b25f7c804da9af7,source-tree-c660347,unchanged
releases/development_v1/fov/14_A.png,041cacccf090e725c5d3d001ed3eac4f3736058e9a72194b3a707cebe8fb48e5,041cacccf090e725c5d3d001ed3eac4f3736058e9a72194b3a707cebe8fb48e5,source-tree-c660347,unchanged
releases/development_v1/fov/150_A.png,6ccc381e764b51c708d719eb1981aa5cab97559de8b967673dbfb708b9c9926f,6ccc381e764b51c708d719eb1981aa5cab97559de8b967673dbfb708b9c9926f,source-tree-c660347,unchanged
releases/development_v1/fov/151_D.png,341577664b88dd1ea5e5d4f1138eac54135d4346c680ce0713cc69f2ea920407,341577664b88dd1ea5e5d4f1138eac54135d4346c680ce0713cc69f2ea920407,source-tree-c660347,unchanged
releases/development_v1/fov/152_D.png,ada26d47208ef3ec674fd18df8efc5eb6205685c73e67d571728d027bbccef65,ada26d47208ef3ec674fd18df8efc5eb6205685c73e67d571728d027bbccef65,source-tree-c660347,unchanged
releases/development_v1/fov/153_D.png,d0c213ae7eec73c9e1b847a335f3217d3e42acac6400ee0e423b19c0d11c4235,d0c213ae7eec73c9e1b847a335f3217d3e42acac6400ee0e423b19c0d11c4235,source-tree-c660347,unchanged
releases/development_v1/fov/154_D.png,b72f17330a9bebe229401f2c7b2b851db77abc4beb1fd30b4f04181c802527b9,b72f17330a9bebe229401f2c7b2b851db77abc4beb1fd30b4f04181c802527b9,source-tree-c660347,unchanged
releases/development_v1/fov/155_D.png,c6356334f76575c27c854567b575e5c9af7bbb065dfe2d0f1c7d5783a81a0d43,c6356334f76575c27c854567b575e5c9af7bbb065dfe2d0f1c7d5783a81a0d43,source-tree-c660347,unchanged
releases/development_v1/fov/156_D.png,968cdd9f741fdd59bc0e2f5bb0a0d601663c186da80d4eff490d165c9b51fc3c,968cdd9f741fdd59bc0e2f5bb0a0d601663c186da80d4eff490d165c9b51fc3c,source-tree-c660347,unchanged
releases/development_v1/fov/157_D.png,fe43dd5c4252bb519faa902fc81c6b0c7459ae3e9d3f122cfae1f7a043976d52,fe43dd5c4252bb519faa902fc81c6b0c7459ae3e9d3f122cfae1f7a043976d52,source-tree-c660347,unchanged
releases/development_v1/fov/158_D.png,36b8c50d47ce689a6c64703a93e3ed32c05a21f74d4fcf75b0ca61c521fff854,36b8c50d47ce689a6c64703a93e3ed32c05a21f74d4fcf75b0ca61c521fff854,source-tree-c660347,unchanged
releases/development_v1/fov/159_D.png,6a227281b7a508a0a8c6989d9a4648d2c48aea15011a33f0f99275bc9493a317,6a227281b7a508a0a8c6989d9a4648d2c48aea15011a33f0f99275bc9493a317,source-tree-c660347,unchanged
releases/development_v1/fov/15_A.png,974b44fd86bc99ed601cc8d12c696c1090b841fe6e5d413b2f034774070513f3,974b44fd86bc99ed601cc8d12c696c1090b841fe6e5d413b2f034774070513f3,source-tree-c660347,unchanged
releases/development_v1/fov/160_D.png,2561eddea82c62d72d1b6029adee4a4111400a0fef4690aa8f0d231b87cac0b6,2561eddea82c62d72d1b6029adee4a4111400a0fef4690aa8f0d231b87cac0b6,source-tree-c660347,unchanged
releases/development_v1/fov/161_D.png,83cbc50510f4457c5547f62977000146b3f9ceb8de02a5f43d86c7b49e494dcc,83cbc50510f4457c5547f62977000146b3f9ceb8de02a5f43d86c7b49e494dcc,source-tree-c660347,unchanged
releases/development_v1/fov/162_D.png,b48c7f8023a7ee90663632b0933095852f97f9e3257c837e1e223096cc80c59f,b48c7f8023a7ee90663632b0933095852f97f9e3257c837e1e223096cc80c59f,source-tree-c660347,unchanged
releases/development_v1/fov/163_D.png,5f82c046da36fb7fdb9bb1fbb92fac24ac4a86eb1383883b076852673aa9b4b3,5f82c046da36fb7fdb9bb1fbb92fac24ac4a86eb1383883b076852673aa9b4b3,source-tree-c660347,unchanged
releases/development_v1/fov/164_D.png,0f32edf05f9f0355e0189e132a58a8b633863c4d464c1880e31af48f7b6a95dc,0f32edf05f9f0355e0189e132a58a8b633863c4d464c1880e31af48f7b6a95dc,source-tree-c660347,unchanged
releases/development_v1/fov/165_D.png,b8e747e4a6f0fbc3fef24b06129531950fa34268f6573856d2e1ce73a94c8308,b8e747e4a6f0fbc3fef24b06129531950fa34268f6573856d2e1ce73a94c8308,source-tree-c660347,unchanged
releases/development_v1/fov/166_D.png,dd51edbc3450234ecf30b4d79586369d9c9bf1e34a5dea133f95a6e33dffb7d0,dd51edbc3450234ecf30b4d79586369d9c9bf1e34a5dea133f95a6e33dffb7d0,source-tree-c660347,unchanged
releases/development_v1/fov/167_D.png,dac456c90065901fb6a7d31c22c717ff0afa95dd5eed3efc950e3fa936083c49,dac456c90065901fb6a7d31c22c717ff0afa95dd5eed3efc950e3fa936083c49,source-tree-c660347,unchanged
releases/development_v1/fov/168_D.png,f555968da597be56a4798f72b428c7bb9f8737d46c22b2974aeb24d2da803a76,f555968da597be56a4798f72b428c7bb9f8737d46c22b2974aeb24d2da803a76,source-tree-c660347,unchanged
releases/development_v1/fov/169_D.png,1008237e5223b92141f85a90fb7d05a1fa47c42425650bece88d5ce9713071bb,1008237e5223b92141f85a90fb7d05a1fa47c42425650bece88d5ce9713071bb,source-tree-c660347,unchanged
releases/development_v1/fov/16_A.png,285fa994ebe1381b92cb07c2bdfaf161766a38c05fdd8f9a7e262f7dab7678b2,285fa994ebe1381b92cb07c2bdfaf161766a38c05fdd8f9a7e262f7dab7678b2,source-tree-c660347,unchanged
releases/development_v1/fov/170_D.png,5e9cfe365ce8af99104f7e222358e0753c2875ce5b4f47461ced4aef0b694e40,5e9cfe365ce8af99104f7e222358e0753c2875ce5b4f47461ced4aef0b694e40,source-tree-c660347,unchanged
releases/development_v1/fov/171_D.png,19c1a460cecaf7f9f4bb5483fd1291944d8bd90cee6af11212b3a56b16a46ee1,19c1a460cecaf7f9f4bb5483fd1291944d8bd90cee6af11212b3a56b16a46ee1,source-tree-c660347,unchanged
releases/development_v1/fov/172_D.png,718b42f1e49b221c9f1604c3446a89cea11f12b8371cf40314a2c7b7f46fa3d0,718b42f1e49b221c9f1604c3446a89cea11f12b8371cf40314a2c7b7f46fa3d0,source-tree-c660347,unchanged
releases/development_v1/fov/173_D.png,e0f716836cf0b55fa04abb2d03ee14630037cefb39c1045c4d1118cbd98e0c80,e0f716836cf0b55fa04abb2d03ee14630037cefb39c1045c4d1118cbd98e0c80,source-tree-c660347,unchanged
releases/development_v1/fov/174_D.png,ff8db643253ccb29ba4e6a88fc8d3a6ba11980ce4af50629d9babb3ae52f45fc,ff8db643253ccb29ba4e6a88fc8d3a6ba11980ce4af50629d9babb3ae52f45fc,source-tree-c660347,unchanged
releases/development_v1/fov/175_D.png,568e10b4239cb02322d6b89ffa2fd2cdd1c1fa963f7e1a8bce3c1cdf7b0ff379,568e10b4239cb02322d6b89ffa2fd2cdd1c1fa963f7e1a8bce3c1cdf7b0ff379,source-tree-c660347,unchanged
releases/development_v1/fov/176_D.png,7d2e245218adcb61033dc79ff4b310f4f07ac559e8fb2bb9d4e4826eca512e77,7d2e245218adcb61033dc79ff4b310f4f07ac559e8fb2bb9d4e4826eca512e77,source-tree-c660347,unchanged
releases/development_v1/fov/177_D.png,d8936adb1e2040e0166b0ab4a25a0893df1d05c7cf0a3222b0ff27c16ea51be1,d8936adb1e2040e0166b0ab4a25a0893df1d05c7cf0a3222b0ff27c16ea51be1,source-tree-c660347,unchanged
releases/development_v1/fov/178_D.png,dd1e9424c6984ecfd4fb3011bad2d843d506f18b741ba4603f251d14acc067b4,dd1e9424c6984ecfd4fb3011bad2d843d506f18b741ba4603f251d14acc067b4,source-tree-c660347,unchanged
releases/development_v1/fov/179_D.png,71bc20eba73bb49255fe0deef99d20baa8dd38c0553b730c402801333fd75f8a,71bc20eba73bb49255fe0deef99d20baa8dd38c0553b730c402801333fd75f8a,source-tree-c660347,unchanged
releases/development_v1/fov/17_A.png,6279af88e44f3d65c117b3f15ba8676340425092ac562cf2158186839e7c103c,6279af88e44f3d65c117b3f15ba8676340425092ac562cf2158186839e7c103c,source-tree-c660347,unchanged
releases/development_v1/fov/180_D.png,7a0394bc17523780a7b9e869c176554b0397215f44ad0b01116e92ff66f60a59,7a0394bc17523780a7b9e869c176554b0397215f44ad0b01116e92ff66f60a59,source-tree-c660347,unchanged
releases/development_v1/fov/181_D.png,fbf5af2b7cc2cbc49811e917ada72e16a5bb44d9a9b65d0e45335c791ec92fe3,fbf5af2b7cc2cbc49811e917ada72e16a5bb44d9a9b65d0e45335c791ec92fe3,source-tree-c660347,unchanged
releases/development_v1/fov/182_D.png,75b1f6524049ad6fec2d51cd635c7e41befdd400f309afe973a94a067d6b6f9e,75b1f6524049ad6fec2d51cd635c7e41befdd400f309afe973a94a067d6b6f9e,source-tree-c660347,unchanged
releases/development_v1/fov/183_D.png,bee1d5a741ed49b2383b2e255ab799385957a1d836e5bab83fe625f430922f6f,bee1d5a741ed49b2383b2e255ab799385957a1d836e5bab83fe625f430922f6f,source-tree-c660347,unchanged
releases/development_v1/fov/184_D.png,dce1d1b45a00b85ba9130ea49d1fea650c0c09fc01e84a2c49a4b132538b6a20,dce1d1b45a00b85ba9130ea49d1fea650c0c09fc01e84a2c49a4b132538b6a20,source-tree-c660347,unchanged
releases/development_v1/fov/185_D.png,c22da29f02ef36e4768b757eeef3a368a0a99d5a00821d9c40f0f4b6d565da9d,c22da29f02ef36e4768b757eeef3a368a0a99d5a00821d9c40f0f4b6d565da9d,source-tree-c660347,unchanged
releases/development_v1/fov/186_D.png,e08d1d1a9a6d10b22dd9c653ba33216a42dc15bc8345155d36d1358d72637e55,e08d1d1a9a6d10b22dd9c653ba33216a42dc15bc8345155d36d1358d72637e55,source-tree-c660347,unchanged
releases/development_v1/fov/187_D.png,01c71491f8c04e5ed2b52031af21dd98a8949acc0ef9c7276a6bfb775dc0af74,01c71491f8c04e5ed2b52031af21dd98a8949acc0ef9c7276a6bfb775dc0af74,source-tree-c660347,unchanged
releases/development_v1/fov/188_D.png,b6dca92d0c266b7e62aa7bf23fc92778808f2d0d28563c434ec614b20dcb73dd,b6dca92d0c266b7e62aa7bf23fc92778808f2d0d28563c434ec614b20dcb73dd,source-tree-c660347,unchanged
releases/development_v1/fov/189_D.png,4f9900470ac298329a767084b24691fdbe3930be2a8295b822fcade5d9e8b5f8,4f9900470ac298329a767084b24691fdbe3930be2a8295b822fcade5d9e8b5f8,source-tree-c660347,unchanged
releases/development_v1/fov/18_A.png,8bd315b335d35c79d4da65131b5ea0a3b1e32bbdcf7ed66a1a0e58a83ec93133,8bd315b335d35c79d4da65131b5ea0a3b1e32bbdcf7ed66a1a0e58a83ec93133,source-tree-c660347,unchanged
releases/development_v1/fov/190_D.png,2be2efdbab39453fb5e5900b4b33728e0d29ce98290b3de15469590ddbd63cd8,2be2efdbab39453fb5e5900b4b33728e0d29ce98290b3de15469590ddbd63cd8,source-tree-c660347,unchanged
releases/development_v1/fov/191_D.png,7b0eccb30394c04049a0f8043afe3c38cf86d9e558edd6b0e19a0c7d6fd0fd6a,7b0eccb30394c04049a0f8043afe3c38cf86d9e558edd6b0e19a0c7d6fd0fd6a,source-tree-c660347,unchanged
releases/development_v1/fov/192_D.png,be60128f664169879d5f7b1b0b4b2031efb8041d28922b233e7f6c28d7ec1124,be60128f664169879d5f7b1b0b4b2031efb8041d28922b233e7f6c28d7ec1124,source-tree-c660347,unchanged
releases/development_v1/fov/193_D.png,6bbec0981ceaf4649012c35a2210a56f4797f8346e43098088f945fb21c93222,6bbec0981ceaf4649012c35a2210a56f4797f8346e43098088f945fb21c93222,source-tree-c660347,unchanged
releases/development_v1/fov/194_D.png,3529d1243e70556514bd8588ad7e45e27a397464a6f2c8749a7bb25e2ba1e7ec,3529d1243e70556514bd8588ad7e45e27a397464a6f2c8749a7bb25e2ba1e7ec,source-tree-c660347,unchanged
releases/development_v1/fov/195_D.png,4c6914a3701f54f8ea3510591bd43258e9255fca9f4d915e3f7d0c7078ea490e,4c6914a3701f54f8ea3510591bd43258e9255fca9f4d915e3f7d0c7078ea490e,source-tree-c660347,unchanged
releases/development_v1/fov/196_D.png,8657914526486a71a7e87b59874a33607e749c52a9bc6b852890f704900081c6,8657914526486a71a7e87b59874a33607e749c52a9bc6b852890f704900081c6,source-tree-c660347,unchanged
releases/development_v1/fov/197_D.png,e9e9ee55a0c9294967a624cc58f2a27c3cfe205231e2af84daf735b9e7960c46,e9e9ee55a0c9294967a624cc58f2a27c3cfe205231e2af84daf735b9e7960c46,source-tree-c660347,unchanged
releases/development_v1/fov/198_D.png,001e0d7676222730b1c4122822bb9780da5c80067b5f8535a84fcb9db1160720,001e0d7676222730b1c4122822bb9780da5c80067b5f8535a84fcb9db1160720,source-tree-c660347,unchanged
releases/development_v1/fov/199_D.png,d0c213ae7eec73c9e1b847a335f3217d3e42acac6400ee0e423b19c0d11c4235,d0c213ae7eec73c9e1b847a335f3217d3e42acac6400ee0e423b19c0d11c4235,source-tree-c660347,unchanged
releases/development_v1/fov/19_A.png,4bccdde10f147996fe79ab60ece7d9856a62d0ce57bd797d1b0e87f96acb36e2,4bccdde10f147996fe79ab60ece7d9856a62d0ce57bd797d1b0e87f96acb36e2,source-tree-c660347,unchanged
releases/development_v1/fov/1_A.png,5b5a8163884c5f9bc90e48b411bec181f04a89090029099b1b2da4251d7a1b9d,5b5a8163884c5f9bc90e48b411bec181f04a89090029099b1b2da4251d7a1b9d,source-tree-c660347,unchanged
releases/development_v1/fov/200_D.png,9dbf5815c99e741b3dff4779615cb8c2b76f8d8e0fed4ef8b6902cd4bd914f3a,9dbf5815c99e741b3dff4779615cb8c2b76f8d8e0fed4ef8b6902cd4bd914f3a,source-tree-c660347,unchanged
releases/development_v1/fov/201_D.png,d1fe1ff9c504e46584360d6a68224f1a82d68ee62a76108ecce7b9062f92c1b1,d1fe1ff9c504e46584360d6a68224f1a82d68ee62a76108ecce7b9062f92c1b1,source-tree-c660347,unchanged
releases/development_v1/fov/202_D.png,75ebaa5ff288508428a1447cd8f2213718e36ae931fbe0b5a8fad7825af3982b,75ebaa5ff288508428a1447cd8f2213718e36ae931fbe0b5a8fad7825af3982b,source-tree-c660347,unchanged
releases/development_v1/fov/203_D.png,aec602e6be2b339d5fc4fc5ee8f1305ddf2908fd1fa7e2e927aee25c2b63e36e,aec602e6be2b339d5fc4fc5ee8f1305ddf2908fd1fa7e2e927aee25c2b63e36e,source-tree-c660347,unchanged
releases/development_v1/fov/204_D.png,48e54106ce279f085486d4b815598deb982bdb2d66c05bd986f26411846e8f43,48e54106ce279f085486d4b815598deb982bdb2d66c05bd986f26411846e8f43,source-tree-c660347,unchanged
releases/development_v1/fov/205_D.png,485eba6c796a02aba95d5d718f79db7355f6274ce7477dbeb0c8d4c62911d3af,485eba6c796a02aba95d5d718f79db7355f6274ce7477dbeb0c8d4c62911d3af,source-tree-c660347,unchanged
releases/development_v1/fov/206_D.png,5264a32ac535ff4a7bb518160330f2d064653f379469ac5f767a23c6d0f4440d,5264a32ac535ff4a7bb518160330f2d064653f379469ac5f767a23c6d0f4440d,source-tree-c660347,unchanged
releases/development_v1/fov/207_D.png,53ba7563fd4737c10ed2fff95ba0bba1491479b4d930c2406e121e1056d48c38,53ba7563fd4737c10ed2fff95ba0bba1491479b4d930c2406e121e1056d48c38,source-tree-c660347,unchanged
releases/development_v1/fov/208_D.png,edd2cf5961f6fa1753ac48b6ae663532c437d660b176b2b6e961e5ae19a143f0,edd2cf5961f6fa1753ac48b6ae663532c437d660b176b2b6e961e5ae19a143f0,source-tree-c660347,unchanged
releases/development_v1/fov/209_D.png,8b4334fa0221fecc560683c922e2e1f996171f059ec72052268dc948a7fce8bb,8b4334fa0221fecc560683c922e2e1f996171f059ec72052268dc948a7fce8bb,source-tree-c660347,unchanged
releases/development_v1/fov/20_A.png,d2e5ffdfcc2b350396075560c036b92da2a76d99a2baa05312dd7be05c2be536,d2e5ffdfcc2b350396075560c036b92da2a76d99a2baa05312dd7be05c2be536,source-tree-c660347,unchanged
releases/development_v1/fov/210_D.png,8657914526486a71a7e87b59874a33607e749c52a9bc6b852890f704900081c6,8657914526486a71a7e87b59874a33607e749c52a9bc6b852890f704900081c6,source-tree-c660347,unchanged
releases/development_v1/fov/211_D.png,ef4f7b8651182806344e74615d7d14fca9e04e2cf009c03521d6f1ea5b9cf17f,ef4f7b8651182806344e74615d7d14fca9e04e2cf009c03521d6f1ea5b9cf17f,source-tree-c660347,unchanged
releases/development_v1/fov/212_D.png,9fbed35181039c36975c215d9a7dbcd88f70a5e0e433faa509d7db9592de8efd,9fbed35181039c36975c215d9a7dbcd88f70a5e0e433faa509d7db9592de8efd,source-tree-c660347,unchanged
releases/development_v1/fov/213_D.png,53ba7563fd4737c10ed2fff95ba0bba1491479b4d930c2406e121e1056d48c38,53ba7563fd4737c10ed2fff95ba0bba1491479b4d930c2406e121e1056d48c38,source-tree-c660347,unchanged
releases/development_v1/fov/214_D.png,f32d6187563163d4645bdf6452b2a2920a3bf3f8030a618fa69042f66e48efa0,f32d6187563163d4645bdf6452b2a2920a3bf3f8030a618fa69042f66e48efa0,source-tree-c660347,unchanged
releases/development_v1/fov/215_D.png,845c572f9efae799c56d8653e4b1783639895e7396ae3f878f264d3adc82bc3c,845c572f9efae799c56d8653e4b1783639895e7396ae3f878f264d3adc82bc3c,source-tree-c660347,unchanged
releases/development_v1/fov/216_D.png,c050cb1cd81c6ec33c37f4341408570a20834ac719dae2c45941738768e9ce59,c050cb1cd81c6ec33c37f4341408570a20834ac719dae2c45941738768e9ce59,source-tree-c660347,unchanged
releases/development_v1/fov/217_D.png,bf759f351c54f1807679ae8be4b7afef7dd42e29061035e7a18905eae378ccde,bf759f351c54f1807679ae8be4b7afef7dd42e29061035e7a18905eae378ccde,source-tree-c660347,unchanged
releases/development_v1/fov/218_D.png,e6ef7d57ac89a798c436008b70ff6ed4a6961c0fff6143ec9f15980b5161da4e,e6ef7d57ac89a798c436008b70ff6ed4a6961c0fff6143ec9f15980b5161da4e,source-tree-c660347,unchanged
releases/development_v1/fov/219_D.png,66a304cb8b48cc396ed9efa01c91c670447e01e010161899f2e7f4173237d74a,66a304cb8b48cc396ed9efa01c91c670447e01e010161899f2e7f4173237d74a,source-tree-c660347,unchanged
releases/development_v1/fov/21_A.png,47755715fb8b11158d0569cdecf5c40d03e5f2f4b83218d1eedae214efdabe0c,47755715fb8b11158d0569cdecf5c40d03e5f2f4b83218d1eedae214efdabe0c,source-tree-c660347,unchanged
releases/development_v1/fov/220_D.png,f2862e3093363841b4af92a26342e89c45811c322fb32f9d01df37486945861b,f2862e3093363841b4af92a26342e89c45811c322fb32f9d01df37486945861b,source-tree-c660347,unchanged
releases/development_v1/fov/221_D.png,d8925658e8a6a17c7b68afaf4fddde20ff024777c935c6676bb1637049aa2543,d8925658e8a6a17c7b68afaf4fddde20ff024777c935c6676bb1637049aa2543,source-tree-c660347,unchanged
releases/development_v1/fov/222_D.png,da2f6d22b32ef05c06b6b23c9f6799fb946b5fcfea6bc063a1d9ad72110deb04,da2f6d22b32ef05c06b6b23c9f6799fb946b5fcfea6bc063a1d9ad72110deb04,source-tree-c660347,unchanged
releases/development_v1/fov/223_D.png,9cfc63f35c9905e704350a0aa47b0fb9cd65a829f91ceebb3966bc1dfc40e9c2,9cfc63f35c9905e704350a0aa47b0fb9cd65a829f91ceebb3966bc1dfc40e9c2,source-tree-c660347,unchanged
releases/development_v1/fov/224_D.png,e6ef7d57ac89a798c436008b70ff6ed4a6961c0fff6143ec9f15980b5161da4e,e6ef7d57ac89a798c436008b70ff6ed4a6961c0fff6143ec9f15980b5161da4e,source-tree-c660347,unchanged
releases/development_v1/fov/225_D.png,fe0bac25ec21ac859425c1d5b8b8475c0e1f1016a30478ecf8caba2b7e5bb9a2,fe0bac25ec21ac859425c1d5b8b8475c0e1f1016a30478ecf8caba2b7e5bb9a2,source-tree-c660347,unchanged
releases/development_v1/fov/226_D.png,8366a5ccf6f15850fe82a16d0fe312fd8d4465bf487a51cdbc95ae97d8256304,8366a5ccf6f15850fe82a16d0fe312fd8d4465bf487a51cdbc95ae97d8256304,source-tree-c660347,unchanged
releases/development_v1/fov/227_D.png,256d43112d17ad922a57a2215810869add29b608de43bfdaee6b9bfa03879a59,256d43112d17ad922a57a2215810869add29b608de43bfdaee6b9bfa03879a59,source-tree-c660347,unchanged
releases/development_v1/fov/228_D.png,31c307734dfc03ec547d58bc344dc7c4d1d91ff390592ed7c01accf4ce8663dd,31c307734dfc03ec547d58bc344dc7c4d1d91ff390592ed7c01accf4ce8663dd,source-tree-c660347,unchanged
releases/development_v1/fov/229_D.png,522ae3e6b85f63bc9435ef47e4c81604271a8933fbd09f16549963201cecd1dc,522ae3e6b85f63bc9435ef47e4c81604271a8933fbd09f16549963201cecd1dc,source-tree-c660347,unchanged
releases/development_v1/fov/22_A.png,38704c80cf401c00f7bdc34c45690e42f1e9d1d9ebcb868000edc114160d7eb8,38704c80cf401c00f7bdc34c45690e42f1e9d1d9ebcb868000edc114160d7eb8,source-tree-c660347,unchanged
releases/development_v1/fov/230_D.png,cb1708a93c23340a0035a9255fbd9f19321200cd0c0071f3d33313a80945eaa0,cb1708a93c23340a0035a9255fbd9f19321200cd0c0071f3d33313a80945eaa0,source-tree-c660347,unchanged
releases/development_v1/fov/231_D.png,1814cf023da3e39d27d3dc30d0c4d0a576263cb0a510860932bc85854aba3d66,1814cf023da3e39d27d3dc30d0c4d0a576263cb0a510860932bc85854aba3d66,source-tree-c660347,unchanged
releases/development_v1/fov/232_D.png,82194c592901974ca31a464bcd868d81a4f292084ed2a39bc6a96dcd5a2a9d37,82194c592901974ca31a464bcd868d81a4f292084ed2a39bc6a96dcd5a2a9d37,source-tree-c660347,unchanged
releases/development_v1/fov/233_D.png,014060a9ff0f1ac6262f12877d8eedb1ead07cac3ed9fc06f516155cd1c25537,014060a9ff0f1ac6262f12877d8eedb1ead07cac3ed9fc06f516155cd1c25537,source-tree-c660347,unchanged
releases/development_v1/fov/234_D.png,fbd9abc94d93265c7719a867f5328352f8d7bc925ae272178023403271ac8428,fbd9abc94d93265c7719a867f5328352f8d7bc925ae272178023403271ac8428,source-tree-c660347,unchanged
releases/development_v1/fov/235_D.png,d6268097a3f46a8d57bbb68586857f107ff1be2e5f7b3fcc9bf58b0960e55193,d6268097a3f46a8d57bbb68586857f107ff1be2e5f7b3fcc9bf58b0960e55193,source-tree-c660347,unchanged
releases/development_v1/fov/236_D.png,72ebce4c5b9089adb4472637bf0cbe1d916d66a403c6dda09f501bd0e6ca1a72,72ebce4c5b9089adb4472637bf0cbe1d916d66a403c6dda09f501bd0e6ca1a72,source-tree-c660347,unchanged
releases/development_v1/fov/237_D.png,70e7faaa94eee7d901b0247df9bb64e0e5df2dd66d830fee4878fc65706db97f,70e7faaa94eee7d901b0247df9bb64e0e5df2dd66d830fee4878fc65706db97f,source-tree-c660347,unchanged
releases/development_v1/fov/238_D.png,ca399ed25434a1c316ad45e1aa4e77bd0309a4c17cda27a0a32bf2577a4a80c8,ca399ed25434a1c316ad45e1aa4e77bd0309a4c17cda27a0a32bf2577a4a80c8,source-tree-c660347,unchanged
releases/development_v1/fov/239_D.png,e4036b6626cebe4ee12f68d82d36dc14c7ef231aeefa014da3b995e771651f1c,e4036b6626cebe4ee12f68d82d36dc14c7ef231aeefa014da3b995e771651f1c,source-tree-c660347,unchanged
releases/development_v1/fov/23_A.png,8a6a79cfce293d171bfe2f046a7b7a8d382e95719b737948e2e907825b8902a4,8a6a79cfce293d171bfe2f046a7b7a8d382e95719b737948e2e907825b8902a4,source-tree-c660347,unchanged
releases/development_v1/fov/240_D.png,05e5d58efcaaaa238dc50dc5dfff445ae86a492298a73e1679eddb9836719151,05e5d58efcaaaa238dc50dc5dfff445ae86a492298a73e1679eddb9836719151,source-tree-c660347,unchanged
releases/development_v1/fov/241_D.png,522ae3e6b85f63bc9435ef47e4c81604271a8933fbd09f16549963201cecd1dc,522ae3e6b85f63bc9435ef47e4c81604271a8933fbd09f16549963201cecd1dc,source-tree-c660347,unchanged
releases/development_v1/fov/242_D.png,7cee80fd16ea695135200fea3597b847de68a3cede9949db1fa596a2671b6a25,7cee80fd16ea695135200fea3597b847de68a3cede9949db1fa596a2671b6a25,source-tree-c660347,unchanged
releases/development_v1/fov/243_D.png,6f74aacdca1fda7fddc94bd191ec5bf58cd929939ffcb74f4c37fb116a3b2d23,6f74aacdca1fda7fddc94bd191ec5bf58cd929939ffcb74f4c37fb116a3b2d23,source-tree-c660347,unchanged
releases/development_v1/fov/244_D.png,40217093acce679dd4b13eb2b156f10e40db8eb2b21c5830e897302856b5eae4,40217093acce679dd4b13eb2b156f10e40db8eb2b21c5830e897302856b5eae4,source-tree-c660347,unchanged
releases/development_v1/fov/245_D.png,c87cdaa1b249c5848b8f8131239b051e6be9e9c84104462e3cb5ef8138127eed,c87cdaa1b249c5848b8f8131239b051e6be9e9c84104462e3cb5ef8138127eed,source-tree-c660347,unchanged
releases/development_v1/fov/246_D.png,15c3e95f6a00d6b637bf51ec1a1e94e2886cbfa69e2229a572a2803a85484920,15c3e95f6a00d6b637bf51ec1a1e94e2886cbfa69e2229a572a2803a85484920,source-tree-c660347,unchanged
releases/development_v1/fov/247_D.png,33c92f0a8017aeedb3c311e8952e6a18baaefce38b2cd296d75183c99979c301,33c92f0a8017aeedb3c311e8952e6a18baaefce38b2cd296d75183c99979c301,source-tree-c660347,unchanged
releases/development_v1/fov/248_D.png,fdc1ed7947a0e84cd2278cfdf45fc6bdbce05e01553f5e4f0cc24a734a4b3a32,fdc1ed7947a0e84cd2278cfdf45fc6bdbce05e01553f5e4f0cc24a734a4b3a32,source-tree-c660347,unchanged
releases/development_v1/fov/249_D.png,a23e8468beee41a5302d792703b217d1cb4e794a370c3d96c3b5b19c163897b8,a23e8468beee41a5302d792703b217d1cb4e794a370c3d96c3b5b19c163897b8,source-tree-c660347,unchanged
releases/development_v1/fov/24_A.png,2561eddea82c62d72d1b6029adee4a4111400a0fef4690aa8f0d231b87cac0b6,2561eddea82c62d72d1b6029adee4a4111400a0fef4690aa8f0d231b87cac0b6,source-tree-c660347,unchanged
releases/development_v1/fov/250_D.png,99c157c66a34da0acb44356232513134811c540393f47875468807833341e614,99c157c66a34da0acb44356232513134811c540393f47875468807833341e614,source-tree-c660347,unchanged
releases/development_v1/fov/251_D.png,1e4939f0693ded6663d84d57dc3d492ed43b88f7ef1225516098b7d37b38ac5d,1e4939f0693ded6663d84d57dc3d492ed43b88f7ef1225516098b7d37b38ac5d,source-tree-c660347,unchanged
releases/development_v1/fov/252_D.png,f39524de2c89e4ae9ff368129c2aad9174de3d8a3bfc6ce54519292c17576abd,f39524de2c89e4ae9ff368129c2aad9174de3d8a3bfc6ce54519292c17576abd,source-tree-c660347,unchanged
releases/development_v1/fov/253_D.png,30a797094e83936c343d3de15d1bc94720bbce1365b87d3364809e039cd3e2f8,30a797094e83936c343d3de15d1bc94720bbce1365b87d3364809e039cd3e2f8,source-tree-c660347,unchanged
releases/development_v1/fov/254_D.png,89f353041cc43b591198aac93199c2cdfd7899f088b86faa4e8f50bb6ca52c83,89f353041cc43b591198aac93199c2cdfd7899f088b86faa4e8f50bb6ca52c83,source-tree-c660347,unchanged
releases/development_v1/fov/255_D.png,bb54e102070e0f1c196b2467d51811ca3e3d340c18af20545c1d26bca5aab500,bb54e102070e0f1c196b2467d51811ca3e3d340c18af20545c1d26bca5aab500,source-tree-c660347,unchanged
releases/development_v1/fov/256_D.png,2ef938f6c943b4c05642c1227f557ffe71dddf57736839aad5728b2ef3e4abe3,2ef938f6c943b4c05642c1227f557ffe71dddf57736839aad5728b2ef3e4abe3,source-tree-c660347,unchanged
releases/development_v1/fov/257_D.png,4a4e6398440728bb5790d45ccaa3209cacd1b4498a66df9fe957985283de137b,4a4e6398440728bb5790d45ccaa3209cacd1b4498a66df9fe957985283de137b,source-tree-c660347,unchanged
releases/development_v1/fov/258_D.png,1814cf023da3e39d27d3dc30d0c4d0a576263cb0a510860932bc85854aba3d66,1814cf023da3e39d27d3dc30d0c4d0a576263cb0a510860932bc85854aba3d66,source-tree-c660347,unchanged
releases/development_v1/fov/259_D.png,1e4939f0693ded6663d84d57dc3d492ed43b88f7ef1225516098b7d37b38ac5d,1e4939f0693ded6663d84d57dc3d492ed43b88f7ef1225516098b7d37b38ac5d,source-tree-c660347,unchanged
releases/development_v1/fov/25_A.png,08a916ae60b2eb0e7fafbcb63c76f3df10f679ce3994f9a18e9e817d83db7b9f,08a916ae60b2eb0e7fafbcb63c76f3df10f679ce3994f9a18e9e817d83db7b9f,source-tree-c660347,unchanged
releases/development_v1/fov/260_D.png,47755715fb8b11158d0569cdecf5c40d03e5f2f4b83218d1eedae214efdabe0c,47755715fb8b11158d0569cdecf5c40d03e5f2f4b83218d1eedae214efdabe0c,source-tree-c660347,unchanged
releases/development_v1/fov/261_D.png,0219a5f0c0bdc6148cbc1ac8e8144bdc9984c48f04ec44ed2cfd8a66bf322d26,0219a5f0c0bdc6148cbc1ac8e8144bdc9984c48f04ec44ed2cfd8a66bf322d26,source-tree-c660347,unchanged
releases/development_v1/fov/262_D.png,d4a4e45480f6756ae8cb48607784b2fe16e037152ca2e524a1d44c4266707b9e,d4a4e45480f6756ae8cb48607784b2fe16e037152ca2e524a1d44c4266707b9e,source-tree-c660347,unchanged
releases/development_v1/fov/263_D.png,0418bf95d7ebe6893fa63026a6e49b738fb68de42b42c37eacc19a8687519a19,0418bf95d7ebe6893fa63026a6e49b738fb68de42b42c37eacc19a8687519a19,source-tree-c660347,unchanged
releases/development_v1/fov/264_D.png,d32226d3374325ec98512c209e0e77398c2368e0f1ea1d995fb4b3396294d1f9,d32226d3374325ec98512c209e0e77398c2368e0f1ea1d995fb4b3396294d1f9,source-tree-c660347,unchanged
releases/development_v1/fov/265_D.png,2871bdcfd3b5f4f95226e1a1c72e7d778a9c573f02e0226816ab2aeb47962451,2871bdcfd3b5f4f95226e1a1c72e7d778a9c573f02e0226816ab2aeb47962451,source-tree-c660347,unchanged
releases/development_v1/fov/266_D.png,62bd0e27854e03d6838e9664c966a500d7492dc486a5bdf62462cc5cbbb41bef,62bd0e27854e03d6838e9664c966a500d7492dc486a5bdf62462cc5cbbb41bef,source-tree-c660347,unchanged
releases/development_v1/fov/267_D.png,4b47fc4b126dc16de858b4f209e92b8193f88bbd4311cabf3a1b89719851e71b,4b47fc4b126dc16de858b4f209e92b8193f88bbd4311cabf3a1b89719851e71b,source-tree-c660347,unchanged
releases/development_v1/fov/268_D.png,7e110910c7a61ac45f8e2fb5c2e4aac1b92dd4eb5b6651e7f184ba0863ace1b8,7e110910c7a61ac45f8e2fb5c2e4aac1b92dd4eb5b6651e7f184ba0863ace1b8,source-tree-c660347,unchanged
releases/development_v1/fov/269_D.png,5264a32ac535ff4a7bb518160330f2d064653f379469ac5f767a23c6d0f4440d,5264a32ac535ff4a7bb518160330f2d064653f379469ac5f767a23c6d0f4440d,source-tree-c660347,unchanged
releases/development_v1/fov/26_A.png,68071dd80207a016db11b0c45cf3f187ee6163476645ac87d498c25960cd34e8,68071dd80207a016db11b0c45cf3f187ee6163476645ac87d498c25960cd34e8,source-tree-c660347,unchanged
releases/development_v1/fov/270_D.png,e0cb48ed05db0b8a42013b89cd008306f02acb4f7e19401410d517660d3d7d84,e0cb48ed05db0b8a42013b89cd008306f02acb4f7e19401410d517660d3d7d84,source-tree-c660347,unchanged
releases/development_v1/fov/271_D.png,038498ecfc8b58a7e3aa5d35ca456e2c693b21407207b2b54ac0b1832e76513d,038498ecfc8b58a7e3aa5d35ca456e2c693b21407207b2b54ac0b1832e76513d,source-tree-c660347,unchanged
releases/development_v1/fov/272_D.png,763d6468674065bfaf336a9bd67de5eb6559826bb9f169b84a52042128ddf152,763d6468674065bfaf336a9bd67de5eb6559826bb9f169b84a52042128ddf152,source-tree-c660347,unchanged
releases/development_v1/fov/273_D.png,a683c2a79173123261451a537f468e5590053236720ad7b2dca2ad00a98e07bd,a683c2a79173123261451a537f468e5590053236720ad7b2dca2ad00a98e07bd,source-tree-c660347,unchanged
releases/development_v1/fov/274_D.png,a63364349169bd4e839fd7b56f2623348d50809e254423974233cc023f33b6fc,a63364349169bd4e839fd7b56f2623348d50809e254423974233cc023f33b6fc,source-tree-c660347,unchanged
releases/development_v1/fov/275_D.png,08a916ae60b2eb0e7fafbcb63c76f3df10f679ce3994f9a18e9e817d83db7b9f,08a916ae60b2eb0e7fafbcb63c76f3df10f679ce3994f9a18e9e817d83db7b9f,source-tree-c660347,unchanged
releases/development_v1/fov/276_D.png,dab9c0d12126ddb4ec792ca0cedee1f823c3f8f0d013b02ec825b84d5d734bc9,dab9c0d12126ddb4ec792ca0cedee1f823c3f8f0d013b02ec825b84d5d734bc9,source-tree-c660347,unchanged
releases/development_v1/fov/277_D.png,8728d261913456a9cfc2335d2ea97d0070e3c4fb10db2bfe1061cf9c62e330e8,8728d261913456a9cfc2335d2ea97d0070e3c4fb10db2bfe1061cf9c62e330e8,source-tree-c660347,unchanged
releases/development_v1/fov/278_D.png,0023db986be477622686dcef86c11ec3084aa7c5b3910f23cb0528178491919b,0023db986be477622686dcef86c11ec3084aa7c5b3910f23cb0528178491919b,source-tree-c660347,unchanged
releases/development_v1/fov/279_D.png,699cdbb81ebb257180a99b2707db2d5b016d70b70182d353519f437b1e9614f7,699cdbb81ebb257180a99b2707db2d5b016d70b70182d353519f437b1e9614f7,source-tree-c660347,unchanged
releases/development_v1/fov/27_A.png,e0957d5082c05b28f2e9ac2b26ebbcca219caacb4f17522dec04aee40c0c640b,e0957d5082c05b28f2e9ac2b26ebbcca219caacb4f17522dec04aee40c0c640b,source-tree-c660347,unchanged
releases/development_v1/fov/280_D.png,3529d1243e70556514bd8588ad7e45e27a397464a6f2c8749a7bb25e2ba1e7ec,3529d1243e70556514bd8588ad7e45e27a397464a6f2c8749a7bb25e2ba1e7ec,source-tree-c660347,unchanged
releases/development_v1/fov/281_D.png,388c3c79727c65d4fa39c2caf448476b0402b753c0013be7a49356aae9c83519,388c3c79727c65d4fa39c2caf448476b0402b753c0013be7a49356aae9c83519,source-tree-c660347,unchanged
releases/development_v1/fov/282_D.png,a89fd3ea1f8ba4dfe3a82e857cb71b6b4c85c19eeb5e0c275d6bb6a4c5ff9cda,a89fd3ea1f8ba4dfe3a82e857cb71b6b4c85c19eeb5e0c275d6bb6a4c5ff9cda,source-tree-c660347,unchanged
releases/development_v1/fov/283_D.png,ab6e6e326b0d1e5f9dd54e2f794e03bbd10c97157f431b7c609c82d407997ae2,ab6e6e326b0d1e5f9dd54e2f794e03bbd10c97157f431b7c609c82d407997ae2,source-tree-c660347,unchanged
releases/development_v1/fov/284_D.png,c88543635e4fe80857bdb80d1b78a95eaf546c18a76407b7bbcb8542e392b371,c88543635e4fe80857bdb80d1b78a95eaf546c18a76407b7bbcb8542e392b371,source-tree-c660347,unchanged
releases/development_v1/fov/285_D.png,79c167a02381854ae40814ced7e83f1b766ad951ef5dd2871a51783cf6d09e8f,79c167a02381854ae40814ced7e83f1b766ad951ef5dd2871a51783cf6d09e8f,source-tree-c660347,unchanged
releases/development_v1/fov/286_D.png,d1fe1ff9c504e46584360d6a68224f1a82d68ee62a76108ecce7b9062f92c1b1,d1fe1ff9c504e46584360d6a68224f1a82d68ee62a76108ecce7b9062f92c1b1,source-tree-c660347,unchanged
releases/development_v1/fov/287_D.png,008442c6cdeab4b572a2e0c0d8416e06aa59084186200383fa7bbeb4f440b592,008442c6cdeab4b572a2e0c0d8416e06aa59084186200383fa7bbeb4f440b592,source-tree-c660347,unchanged
releases/development_v1/fov/288_D.png,da456419c81950d1db5c70312d30c96af4ea688faa6a5c3ce9cb11ffbadd7c8f,da456419c81950d1db5c70312d30c96af4ea688faa6a5c3ce9cb11ffbadd7c8f,source-tree-c660347,unchanged
releases/development_v1/fov/289_D.png,d6268097a3f46a8d57bbb68586857f107ff1be2e5f7b3fcc9bf58b0960e55193,d6268097a3f46a8d57bbb68586857f107ff1be2e5f7b3fcc9bf58b0960e55193,source-tree-c660347,unchanged
releases/development_v1/fov/28_A.png,6bb94366fcf9b0510c6c727ad3e2c2a216c90c234cb43b6ad270b1afc9d08fe4,6bb94366fcf9b0510c6c727ad3e2c2a216c90c234cb43b6ad270b1afc9d08fe4,source-tree-c660347,unchanged
releases/development_v1/fov/290_D.png,88f9d585c10633fce3aa9c91e8941ad9855b0a126adbfd5856f68e073f97a584,88f9d585c10633fce3aa9c91e8941ad9855b0a126adbfd5856f68e073f97a584,source-tree-c660347,unchanged
releases/development_v1/fov/291_D.png,855feb02263b3d635869d206eb2e22633337f90887d6df78163c622aeac65fb2,855feb02263b3d635869d206eb2e22633337f90887d6df78163c622aeac65fb2,source-tree-c660347,unchanged
releases/development_v1/fov/292_D.png,c6baac96e88e7dd110f8f18ecde6070e826ad1962c963fc11985c16ea1106817,c6baac96e88e7dd110f8f18ecde6070e826ad1962c963fc11985c16ea1106817,source-tree-c660347,unchanged
releases/development_v1/fov/293_D.png,0418bf95d7ebe6893fa63026a6e49b738fb68de42b42c37eacc19a8687519a19,0418bf95d7ebe6893fa63026a6e49b738fb68de42b42c37eacc19a8687519a19,source-tree-c660347,unchanged
releases/development_v1/fov/294_D.png,6bbec0981ceaf4649012c35a2210a56f4797f8346e43098088f945fb21c93222,6bbec0981ceaf4649012c35a2210a56f4797f8346e43098088f945fb21c93222,source-tree-c660347,unchanged
releases/development_v1/fov/295_D.png,0df8a4c85b04195631c7d857ff925617043a33f24baaebc044d04afb72e087dd,0df8a4c85b04195631c7d857ff925617043a33f24baaebc044d04afb72e087dd,source-tree-c660347,unchanged
releases/development_v1/fov/296_D.png,7cee80fd16ea695135200fea3597b847de68a3cede9949db1fa596a2671b6a25,7cee80fd16ea695135200fea3597b847de68a3cede9949db1fa596a2671b6a25,source-tree-c660347,unchanged
releases/development_v1/fov/297_D.png,80421270aad2044f94147d0930005b6ffbbc098f88f3991ca792937ba1e62022,80421270aad2044f94147d0930005b6ffbbc098f88f3991ca792937ba1e62022,source-tree-c660347,unchanged
releases/development_v1/fov/298_D.png,89f353041cc43b591198aac93199c2cdfd7899f088b86faa4e8f50bb6ca52c83,89f353041cc43b591198aac93199c2cdfd7899f088b86faa4e8f50bb6ca52c83,source-tree-c660347,unchanged
releases/development_v1/fov/299_D.png,befa3e5b7539ea3ee5525e226ec9e7be08326c9d4d0032d1e33d1cc2740f7307,befa3e5b7539ea3ee5525e226ec9e7be08326c9d4d0032d1e33d1cc2740f7307,source-tree-c660347,unchanged
releases/development_v1/fov/29_A.png,5653e388dfcf1d9424a074e76d032f1c7f640412e0d9f48e2f723678b16a34b9,5653e388dfcf1d9424a074e76d032f1c7f640412e0d9f48e2f723678b16a34b9,source-tree-c660347,unchanged
releases/development_v1/fov/2_A.png,d4b640dcd3476c3f01b4ceaebbd4bfae229e5393062708b9712e5f4b18f233e9,d4b640dcd3476c3f01b4ceaebbd4bfae229e5393062708b9712e5f4b18f233e9,source-tree-c660347,unchanged
releases/development_v1/fov/300_D.png,449646db0cfd19209c0dbd66acd0fa3ce54a81b2b457428793ad529fa29d6d1c,449646db0cfd19209c0dbd66acd0fa3ce54a81b2b457428793ad529fa29d6d1c,source-tree-c660347,unchanged
releases/development_v1/fov/301_G.png,1b53ea946439feb4b705d55ec107ce827bc77b52902ca3d16c36955c9d7f822a,1b53ea946439feb4b705d55ec107ce827bc77b52902ca3d16c36955c9d7f822a,source-tree-c660347,unchanged
releases/development_v1/fov/302_G.png,82f249d6859faec9e677f22d3d98ff035b7d6626ed517ff802869e6c154144f3,82f249d6859faec9e677f22d3d98ff035b7d6626ed517ff802869e6c154144f3,source-tree-c660347,unchanged
releases/development_v1/fov/303_G.png,0b0f0c84173237c1ad5c7867609cc8a88919a3b4995276d3e6b4363c521a94fa,0b0f0c84173237c1ad5c7867609cc8a88919a3b4995276d3e6b4363c521a94fa,source-tree-c660347,unchanged
releases/development_v1/fov/304_G.png,21bce26204ad57a5ef7c868556badeee5d0793cc8e04ef0585596cb78df3af69,21bce26204ad57a5ef7c868556badeee5d0793cc8e04ef0585596cb78df3af69,source-tree-c660347,unchanged
releases/development_v1/fov/305_G.png,c53114b6cef4d9b46e221402f84f32cc42dba77319aa470c0af9b4d06ced4745,c53114b6cef4d9b46e221402f84f32cc42dba77319aa470c0af9b4d06ced4745,source-tree-c660347,unchanged
releases/development_v1/fov/306_G.png,ed998ae48e47c920a794b0d36762ff495f78ded5f5201c1a04d7a31207c0df58,ed998ae48e47c920a794b0d36762ff495f78ded5f5201c1a04d7a31207c0df58,source-tree-c660347,unchanged
releases/development_v1/fov/307_G.png,8a6047a718a9a46fe7ed0642ed67740c23a363618e027c9dffa02e3823558fb3,8a6047a718a9a46fe7ed0642ed67740c23a363618e027c9dffa02e3823558fb3,source-tree-c660347,unchanged
releases/development_v1/fov/308_G.png,10af6b57d397827437e40cde06d046fd21a33de8fbe24fa900d36d9b18e53419,10af6b57d397827437e40cde06d046fd21a33de8fbe24fa900d36d9b18e53419,source-tree-c660347,unchanged
releases/development_v1/fov/309_G.png,c7d56b868ca4bc83fbf8d94c7226b197405197d0ec7daec542a126c6109c9f64,c7d56b868ca4bc83fbf8d94c7226b197405197d0ec7daec542a126c6109c9f64,source-tree-c660347,unchanged
releases/development_v1/fov/30_A.png,c33f1e432000fe4a9fc3b6576c551d0dd7b10f057ef472a77330c235a52a3e5c,c33f1e432000fe4a9fc3b6576c551d0dd7b10f057ef472a77330c235a52a3e5c,source-tree-c660347,unchanged
releases/development_v1/fov/310_G.png,4fc3e1b6b5e3e54b42cf922e376e386862000d3cc9b62ac5a6896d733b25501d,4fc3e1b6b5e3e54b42cf922e376e386862000d3cc9b62ac5a6896d733b25501d,source-tree-c660347,unchanged
releases/development_v1/fov/311_G.png,6b144e93f9762958cb0e8782bdfeb8d502d513e1757148542d051a051883aba9,6b144e93f9762958cb0e8782bdfeb8d502d513e1757148542d051a051883aba9,source-tree-c660347,unchanged
releases/development_v1/fov/312_G.png,c7f2aae75226a3d7ead106dc29735dfb59e6e20b63666fdb04b6b5c477a13e89,c7f2aae75226a3d7ead106dc29735dfb59e6e20b63666fdb04b6b5c477a13e89,source-tree-c660347,unchanged
releases/development_v1/fov/313_G.png,11b061a196d7395c543381f96d7e63c8939180fede7826dba316d34125816489,11b061a196d7395c543381f96d7e63c8939180fede7826dba316d34125816489,source-tree-c660347,unchanged
releases/development_v1/fov/314_G.png,12efac3f099caba37cc68274fff3d7bccaf7b54f2e49973dc0a307a6335afc9d,12efac3f099caba37cc68274fff3d7bccaf7b54f2e49973dc0a307a6335afc9d,source-tree-c660347,unchanged
releases/development_v1/fov/315_G.png,05e5d58efcaaaa238dc50dc5dfff445ae86a492298a73e1679eddb9836719151,05e5d58efcaaaa238dc50dc5dfff445ae86a492298a73e1679eddb9836719151,source-tree-c660347,unchanged
releases/development_v1/fov/316_G.png,6bbec0981ceaf4649012c35a2210a56f4797f8346e43098088f945fb21c93222,6bbec0981ceaf4649012c35a2210a56f4797f8346e43098088f945fb21c93222,source-tree-c660347,unchanged
releases/development_v1/fov/317_G.png,5b5a8163884c5f9bc90e48b411bec181f04a89090029099b1b2da4251d7a1b9d,5b5a8163884c5f9bc90e48b411bec181f04a89090029099b1b2da4251d7a1b9d,source-tree-c660347,unchanged
releases/development_v1/fov/318_G.png,17048f14307002e40b41df297f1d202433b78821c2c0ba1a2e8c1e9abaed585e,17048f14307002e40b41df297f1d202433b78821c2c0ba1a2e8c1e9abaed585e,source-tree-c660347,unchanged
releases/development_v1/fov/319_G.png,754fbe63826a2299245bc09660e7d4f17c37eb3019c34181fb8a2733f5568136,754fbe63826a2299245bc09660e7d4f17c37eb3019c34181fb8a2733f5568136,source-tree-c660347,unchanged
releases/development_v1/fov/31_A.png,4bd967a0bacccc9661f95cdce4f265fcc5ea6751907a1d6503092a7e7f67b313,4bd967a0bacccc9661f95cdce4f265fcc5ea6751907a1d6503092a7e7f67b313,source-tree-c660347,unchanged
releases/development_v1/fov/320_G.png,b540faf2f69f60abc0d79cb4bd0d16aaa18f95c68903d10f3df67d69cff897d6,b540faf2f69f60abc0d79cb4bd0d16aaa18f95c68903d10f3df67d69cff897d6,source-tree-c660347,unchanged
releases/development_v1/fov/321_G.png,bc21661d9b8a46a36e61f9f2b91ac1d84c9b7df37cdb6d79ea7ed563cbb6a86e,bc21661d9b8a46a36e61f9f2b91ac1d84c9b7df37cdb6d79ea7ed563cbb6a86e,source-tree-c660347,unchanged
releases/development_v1/fov/322_G.png,7d2e245218adcb61033dc79ff4b310f4f07ac559e8fb2bb9d4e4826eca512e77,7d2e245218adcb61033dc79ff4b310f4f07ac559e8fb2bb9d4e4826eca512e77,source-tree-c660347,unchanged
releases/development_v1/fov/323_G.png,9a439b77f2784a157c1674959549d4ecd08d3c7626579a15673a822939ba8908,9a439b77f2784a157c1674959549d4ecd08d3c7626579a15673a822939ba8908,source-tree-c660347,unchanged
releases/development_v1/fov/324_G.png,1008237e5223b92141f85a90fb7d05a1fa47c42425650bece88d5ce9713071bb,1008237e5223b92141f85a90fb7d05a1fa47c42425650bece88d5ce9713071bb,source-tree-c660347,unchanged
releases/development_v1/fov/325_G.png,5df8bfcde98aeb10ed00ba0fc777ce558955e969c16c83a3433a936b98090fc4,5df8bfcde98aeb10ed00ba0fc777ce558955e969c16c83a3433a936b98090fc4,source-tree-c660347,unchanged
releases/development_v1/fov/326_G.png,cdf22ad5d130b5848013a878aee8c5b9b08931baa34b44331e1d0f38d1ad8dd8,cdf22ad5d130b5848013a878aee8c5b9b08931baa34b44331e1d0f38d1ad8dd8,source-tree-c660347,unchanged
releases/development_v1/fov/327_G.png,dd80839629fa05a0ec8f19f0a8c1675f47eb794ea939cc104bec69cff95694b2,dd80839629fa05a0ec8f19f0a8c1675f47eb794ea939cc104bec69cff95694b2,source-tree-c660347,unchanged
releases/development_v1/fov/328_G.png,8590d078c767673860cb818aedca437a2a91d093237178ff6c83865a7bdd994d,8590d078c767673860cb818aedca437a2a91d093237178ff6c83865a7bdd994d,source-tree-c660347,unchanged
releases/development_v1/fov/329_G.png,77e0002282424bf8e94799b3e9dbb6953ec42664a01a762abb7e3c1de4c53e68,77e0002282424bf8e94799b3e9dbb6953ec42664a01a762abb7e3c1de4c53e68,source-tree-c660347,unchanged
releases/development_v1/fov/32_A.png,e9142402387e9e150158b6cd12e203b5392fb5feb970fe9cf3bd6fad7a4f7aeb,e9142402387e9e150158b6cd12e203b5392fb5feb970fe9cf3bd6fad7a4f7aeb,source-tree-c660347,unchanged
releases/development_v1/fov/330_G.png,097517827dd74caa4e6a0d04ebfea2529a0a709d86e4c9c70c0586ae4dafd547,097517827dd74caa4e6a0d04ebfea2529a0a709d86e4c9c70c0586ae4dafd547,source-tree-c660347,unchanged
releases/development_v1/fov/331_G.png,a63364349169bd4e839fd7b56f2623348d50809e254423974233cc023f33b6fc,a63364349169bd4e839fd7b56f2623348d50809e254423974233cc023f33b6fc,source-tree-c660347,unchanged
releases/development_v1/fov/332_G.png,522ae3e6b85f63bc9435ef47e4c81604271a8933fbd09f16549963201cecd1dc,522ae3e6b85f63bc9435ef47e4c81604271a8933fbd09f16549963201cecd1dc,source-tree-c660347,unchanged
releases/development_v1/fov/333_G.png,984cc33acc173147bbaff393b2c1353a28b6f8a7cbed3b29652428f3d8ac5a01,984cc33acc173147bbaff393b2c1353a28b6f8a7cbed3b29652428f3d8ac5a01,source-tree-c660347,unchanged
releases/development_v1/fov/334_G.png,b91fc356ed8cd46e4310a3ad40ee3b4f47d9bcf755b7a4558c0034fbfb750caa,b91fc356ed8cd46e4310a3ad40ee3b4f47d9bcf755b7a4558c0034fbfb750caa,source-tree-c660347,unchanged
releases/development_v1/fov/335_G.png,da9dd5ae39fe53868c27f6916c12ea6ee5cff16f61e7f8cfcc4ff37c10917cc3,da9dd5ae39fe53868c27f6916c12ea6ee5cff16f61e7f8cfcc4ff37c10917cc3,source-tree-c660347,unchanged
releases/development_v1/fov/336_G.png,f377a9eb1bff6b8cd66a3104b962e538c925e4bf78d8a7091e3d74272d632608,f377a9eb1bff6b8cd66a3104b962e538c925e4bf78d8a7091e3d74272d632608,source-tree-c660347,unchanged
releases/development_v1/fov/337_G.png,ddb8b6ca9a85a22d70c9c9e8da2bf3ea333a55546e6f1aeebae733b8d47b3791,ddb8b6ca9a85a22d70c9c9e8da2bf3ea333a55546e6f1aeebae733b8d47b3791,source-tree-c660347,unchanged
releases/development_v1/fov/338_G.png,58c84d670590d76f7733961bcee93ab901beb24c100ad171f444343fdab57a5b,58c84d670590d76f7733961bcee93ab901beb24c100ad171f444343fdab57a5b,source-tree-c660347,unchanged
releases/development_v1/fov/339_G.png,a8a1eefdb8f0b7b60dc56cc697aa1885a8a4f66b5b8e2f3aa546df68f65cb54d,a8a1eefdb8f0b7b60dc56cc697aa1885a8a4f66b5b8e2f3aa546df68f65cb54d,source-tree-c660347,unchanged
releases/development_v1/fov/33_A.png,66a304cb8b48cc396ed9efa01c91c670447e01e010161899f2e7f4173237d74a,66a304cb8b48cc396ed9efa01c91c670447e01e010161899f2e7f4173237d74a,source-tree-c660347,unchanged
releases/development_v1/fov/340_G.png,2c34f08290e204cf69e3013ab58318e4bf6e72201afdd6cec186a7e13005d2da,2c34f08290e204cf69e3013ab58318e4bf6e72201afdd6cec186a7e13005d2da,source-tree-c660347,unchanged
releases/development_v1/fov/341_G.png,0298556f7be34ce08f68bb13aa83c433f6591ce617c5373b5bf89f9e729e408e,0298556f7be34ce08f68bb13aa83c433f6591ce617c5373b5bf89f9e729e408e,source-tree-c660347,unchanged
releases/development_v1/fov/342_G.png,b00639bfa5d74aced96ccc8b3f73f842f15f6c1db1bc161bca3a9baa5f19056d,b00639bfa5d74aced96ccc8b3f73f842f15f6c1db1bc161bca3a9baa5f19056d,source-tree-c660347,unchanged
releases/development_v1/fov/343_G.png,a1bf889f82480da424bb62d7d52e70bd12777b4c83ba3a085f33d130ef9b6e28,a1bf889f82480da424bb62d7d52e70bd12777b4c83ba3a085f33d130ef9b6e28,source-tree-c660347,unchanged
releases/development_v1/fov/344_G.png,f9c5d6428625a377dc88d024b169196aac87e1985fc774135851984ca2123c56,f9c5d6428625a377dc88d024b169196aac87e1985fc774135851984ca2123c56,source-tree-c660347,unchanged
releases/development_v1/fov/345_G.png,8e49a166251ffec241783fae69b37083a3f2b500e079b6d1a15e5cf51ad3be7c,8e49a166251ffec241783fae69b37083a3f2b500e079b6d1a15e5cf51ad3be7c,source-tree-c660347,unchanged
releases/development_v1/fov/346_G.png,c6baac96e88e7dd110f8f18ecde6070e826ad1962c963fc11985c16ea1106817,c6baac96e88e7dd110f8f18ecde6070e826ad1962c963fc11985c16ea1106817,source-tree-c660347,unchanged
releases/development_v1/fov/347_G.png,b68ef0cf4f4b4adc1939a85f00001ce8abb9954140da2f5e74971b01d3394f42,b68ef0cf4f4b4adc1939a85f00001ce8abb9954140da2f5e74971b01d3394f42,source-tree-c660347,unchanged
releases/development_v1/fov/348_G.png,d242e478b0c6c23c16a3501fc54d9a21c975b69c7aa553516a9c26fe70664522,d242e478b0c6c23c16a3501fc54d9a21c975b69c7aa553516a9c26fe70664522,source-tree-c660347,unchanged
releases/development_v1/fov/349_G.png,b8544d4098b565475e64932bae7f0a8dd41749f370e586fd293371a87e9fc3a8,b8544d4098b565475e64932bae7f0a8dd41749f370e586fd293371a87e9fc3a8,source-tree-c660347,unchanged
releases/development_v1/fov/34_A.png,eb1af0d99ce492c0091c8e6882aad152b92da4a5c0542d9f876e2afb949c7aa1,eb1af0d99ce492c0091c8e6882aad152b92da4a5c0542d9f876e2afb949c7aa1,source-tree-c660347,unchanged
releases/development_v1/fov/350_G.png,ac437c6c455f6d063f2291812b4a3a8f31161f293a06f16a74daf62ee69cc3c4,ac437c6c455f6d063f2291812b4a3a8f31161f293a06f16a74daf62ee69cc3c4,source-tree-c660347,unchanged
releases/development_v1/fov/351_G.png,22476647e93e85c42723976bf71d415c3cfeaaddc64a748a989a17c8384e4429,22476647e93e85c42723976bf71d415c3cfeaaddc64a748a989a17c8384e4429,source-tree-c660347,unchanged
releases/development_v1/fov/352_G.png,4d6c820ba87a6b582d68a7fb7d2a4465d3e767ad0241111b7d636a9616192d2c,4d6c820ba87a6b582d68a7fb7d2a4465d3e767ad0241111b7d636a9616192d2c,source-tree-c660347,unchanged
releases/development_v1/fov/353_G.png,b6e257b33a2a5eb90266ad22cea1466c8e2d541cb07ec2b8e6dde7c8873ffb3b,b6e257b33a2a5eb90266ad22cea1466c8e2d541cb07ec2b8e6dde7c8873ffb3b,source-tree-c660347,unchanged
releases/development_v1/fov/354_G.png,bfba720b174cdddee318606092e46bf9ed20ba3e7247492371d56e3c876b169c,bfba720b174cdddee318606092e46bf9ed20ba3e7247492371d56e3c876b169c,source-tree-c660347,unchanged
releases/development_v1/fov/355_G.png,695e5462acef3470dab9ec048a95d765f91d3f6dd8225bb161bbbe8d4f5df5f3,695e5462acef3470dab9ec048a95d765f91d3f6dd8225bb161bbbe8d4f5df5f3,source-tree-c660347,unchanged
releases/development_v1/fov/356_G.png,9ea9648e16d51074665c5298003a9d07fcdc5a0a2d3822bf20576046c826a464,9ea9648e16d51074665c5298003a9d07fcdc5a0a2d3822bf20576046c826a464,source-tree-c660347,unchanged
releases/development_v1/fov/357_G.png,2888dd7e7bc9850180a8376688a7864385a57ba46c833923fcf74061f0f7d0b9,2888dd7e7bc9850180a8376688a7864385a57ba46c833923fcf74061f0f7d0b9,source-tree-c660347,unchanged
releases/development_v1/fov/358_G.png,2ee91cf0d52f01b378ea4ed14e04488b658c56b64ca64543701641a2f0ae4d1c,2ee91cf0d52f01b378ea4ed14e04488b658c56b64ca64543701641a2f0ae4d1c,source-tree-c660347,unchanged
releases/development_v1/fov/359_G.png,ef4f7b8651182806344e74615d7d14fca9e04e2cf009c03521d6f1ea5b9cf17f,ef4f7b8651182806344e74615d7d14fca9e04e2cf009c03521d6f1ea5b9cf17f,source-tree-c660347,unchanged
releases/development_v1/fov/35_A.png,984cc33acc173147bbaff393b2c1353a28b6f8a7cbed3b29652428f3d8ac5a01,984cc33acc173147bbaff393b2c1353a28b6f8a7cbed3b29652428f3d8ac5a01,source-tree-c660347,unchanged
releases/development_v1/fov/360_G.png,5df8bfcde98aeb10ed00ba0fc777ce558955e969c16c83a3433a936b98090fc4,5df8bfcde98aeb10ed00ba0fc777ce558955e969c16c83a3433a936b98090fc4,source-tree-c660347,unchanged
releases/development_v1/fov/361_G.png,add6ac0d93f20a0b69fe108b7a5607064e47542bc159d841b6af10a87c2b7812,add6ac0d93f20a0b69fe108b7a5607064e47542bc159d841b6af10a87c2b7812,source-tree-c660347,unchanged
releases/development_v1/fov/362_G.png,2450507373ebd184a7ea598613f748cf132ab3b680b5e63ed06d0050890a20f2,2450507373ebd184a7ea598613f748cf132ab3b680b5e63ed06d0050890a20f2,source-tree-c660347,unchanged
releases/development_v1/fov/363_G.png,62aa847a81b5211e8072f819f7f79301b27f16ee979b976fb36cafc23d3061d8,62aa847a81b5211e8072f819f7f79301b27f16ee979b976fb36cafc23d3061d8,source-tree-c660347,unchanged
releases/development_v1/fov/364_G.png,9f7028f2de00d45d70cad223f7f9d7840ece9f0744a76427f81541980d99e2b4,9f7028f2de00d45d70cad223f7f9d7840ece9f0744a76427f81541980d99e2b4,source-tree-c660347,unchanged
releases/development_v1/fov/365_G.png,f258845f7d867ece1dbfc6a22146b2c0aa93cf32d9331ece46eb37fd0a0e16a8,f258845f7d867ece1dbfc6a22146b2c0aa93cf32d9331ece46eb37fd0a0e16a8,source-tree-c660347,unchanged
releases/development_v1/fov/366_G.png,dde088b546f450e33e39dd1f363b876f9e27d096c63e778f284ceca69f85d2a5,dde088b546f450e33e39dd1f363b876f9e27d096c63e778f284ceca69f85d2a5,source-tree-c660347,unchanged
releases/development_v1/fov/367_G.png,ba8a7fa580a0536342e55c6ab81ab3c559fe55a3fe77751be20eb7ab4f049e5e,ba8a7fa580a0536342e55c6ab81ab3c559fe55a3fe77751be20eb7ab4f049e5e,source-tree-c660347,unchanged
releases/development_v1/fov/368_G.png,a63364349169bd4e839fd7b56f2623348d50809e254423974233cc023f33b6fc,a63364349169bd4e839fd7b56f2623348d50809e254423974233cc023f33b6fc,source-tree-c660347,unchanged
releases/development_v1/fov/369_G.png,ea74219070d8458a48d50e48190c594f2355ba97ee1393038bf2f8ed3d817253,ea74219070d8458a48d50e48190c594f2355ba97ee1393038bf2f8ed3d817253,source-tree-c660347,unchanged
releases/development_v1/fov/36_A.png,cf27c408bc23171fa7d5c5a426433c21de976261cedafeb465848afdce1a84d7,cf27c408bc23171fa7d5c5a426433c21de976261cedafeb465848afdce1a84d7,source-tree-c660347,unchanged
releases/development_v1/fov/370_G.png,af326b07416411a30e97ecfeaa162ae1a86cb1f1466723fef5364dc393d57f42,af326b07416411a30e97ecfeaa162ae1a86cb1f1466723fef5364dc393d57f42,source-tree-c660347,unchanged
releases/development_v1/fov/371_G.png,754fbe63826a2299245bc09660e7d4f17c37eb3019c34181fb8a2733f5568136,754fbe63826a2299245bc09660e7d4f17c37eb3019c34181fb8a2733f5568136,source-tree-c660347,unchanged
releases/development_v1/fov/372_G.png,d34cc36e64fcf422a880c315b9444e77e78855988959fdbabcb5bbc85841204c,d34cc36e64fcf422a880c315b9444e77e78855988959fdbabcb5bbc85841204c,source-tree-c660347,unchanged
releases/development_v1/fov/373_G.png,8e61ad53d955583bc06e4dbca7e6587f1bb9265b15edc322bbb6955ea32d331a,8e61ad53d955583bc06e4dbca7e6587f1bb9265b15edc322bbb6955ea32d331a,source-tree-c660347,unchanged
releases/development_v1/fov/374_G.png,8e769f4e1b1aac990fda8f495f2c00caf6bcf1a3e374b324a65a274fa30c32af,8e769f4e1b1aac990fda8f495f2c00caf6bcf1a3e374b324a65a274fa30c32af,source-tree-c660347,unchanged
releases/development_v1/fov/375_G.png,b0025e66be7358984e499668846b1a32b59431776877bf9518b0f87be70bcbeb,b0025e66be7358984e499668846b1a32b59431776877bf9518b0f87be70bcbeb,source-tree-c660347,unchanged
releases/development_v1/fov/376_G.png,1b9f68d76ef6056cfd9df97803a5337fdc216bd0d80616851941ecf04bd2af23,1b9f68d76ef6056cfd9df97803a5337fdc216bd0d80616851941ecf04bd2af23,source-tree-c660347,unchanged
releases/development_v1/fov/377_G.png,e8cd4fed727b7a6441ca6802f86f67b3bf7a53db187810597a681a1f4548c87b,e8cd4fed727b7a6441ca6802f86f67b3bf7a53db187810597a681a1f4548c87b,source-tree-c660347,unchanged
releases/development_v1/fov/378_G.png,8e769f4e1b1aac990fda8f495f2c00caf6bcf1a3e374b324a65a274fa30c32af,8e769f4e1b1aac990fda8f495f2c00caf6bcf1a3e374b324a65a274fa30c32af,source-tree-c660347,unchanged
releases/development_v1/fov/379_G.png,5f82c046da36fb7fdb9bb1fbb92fac24ac4a86eb1383883b076852673aa9b4b3,5f82c046da36fb7fdb9bb1fbb92fac24ac4a86eb1383883b076852673aa9b4b3,source-tree-c660347,unchanged
releases/development_v1/fov/37_A.png,1c731939dd09da83d52296052f82709f910ac94acbe33210f5765b594fd2be1f,1c731939dd09da83d52296052f82709f910ac94acbe33210f5765b594fd2be1f,source-tree-c660347,unchanged
releases/development_v1/fov/380_G.png,853ea4584df8b09a5507dd23a7052e7618798be3d6ecbdbcf79ab115853e47ea,853ea4584df8b09a5507dd23a7052e7618798be3d6ecbdbcf79ab115853e47ea,source-tree-c660347,unchanged
releases/development_v1/fov/381_G.png,16e5c71b5c3f15c85f98ed4b6bac6516be42a0ba95592a1e001020dd09f41a06,16e5c71b5c3f15c85f98ed4b6bac6516be42a0ba95592a1e001020dd09f41a06,source-tree-c660347,unchanged
releases/development_v1/fov/382_G.png,77b071c23bd53e2a5e05c1108a067b293932e357625abcbcffe4006525be7954,77b071c23bd53e2a5e05c1108a067b293932e357625abcbcffe4006525be7954,source-tree-c660347,unchanged
releases/development_v1/fov/383_G.png,02293dc9c9ae2549e7940323bb40cf1d7d42630803be058de8cb7f36cb1d98e4,02293dc9c9ae2549e7940323bb40cf1d7d42630803be058de8cb7f36cb1d98e4,source-tree-c660347,unchanged
releases/development_v1/fov/384_G.png,2520a8c8cb661eaf225991ac802a4bec6a2e0b4fe78d86236432798ee8eb2b12,2520a8c8cb661eaf225991ac802a4bec6a2e0b4fe78d86236432798ee8eb2b12,source-tree-c660347,unchanged
releases/development_v1/fov/385_G.png,4a22dfb18a95ed174cba17b9f9cf2ca77eabf846919d90473954a7b3989144b8,4a22dfb18a95ed174cba17b9f9cf2ca77eabf846919d90473954a7b3989144b8,source-tree-c660347,unchanged
releases/development_v1/fov/386_G.png,66e4b747984b6d30752d432502fe40fe7ac9bcd519fe3a3d3e20e0d8d294d754,66e4b747984b6d30752d432502fe40fe7ac9bcd519fe3a3d3e20e0d8d294d754,source-tree-c660347,unchanged
releases/development_v1/fov/387_G.png,95e782d4736b5f3a2f5f1f7596032aad8889a0652f5185c30a63d5a1a79d7ce1,95e782d4736b5f3a2f5f1f7596032aad8889a0652f5185c30a63d5a1a79d7ce1,source-tree-c660347,unchanged
releases/development_v1/fov/388_G.png,8a6047a718a9a46fe7ed0642ed67740c23a363618e027c9dffa02e3823558fb3,8a6047a718a9a46fe7ed0642ed67740c23a363618e027c9dffa02e3823558fb3,source-tree-c660347,unchanged
releases/development_v1/fov/389_G.png,2073ba949f1739c442a91c53b3e0a2b659b4cadfda09f46b9926210f70eb33c8,2073ba949f1739c442a91c53b3e0a2b659b4cadfda09f46b9926210f70eb33c8,source-tree-c660347,unchanged
releases/development_v1/fov/38_A.png,1e5c15353b6d3491a1fb4b0d8573855903e36c423b9e4b84f6c8f86efc21aa08,1e5c15353b6d3491a1fb4b0d8573855903e36c423b9e4b84f6c8f86efc21aa08,source-tree-c660347,unchanged
releases/development_v1/fov/390_G.png,ff8db643253ccb29ba4e6a88fc8d3a6ba11980ce4af50629d9babb3ae52f45fc,ff8db643253ccb29ba4e6a88fc8d3a6ba11980ce4af50629d9babb3ae52f45fc,source-tree-c660347,unchanged
releases/development_v1/fov/391_G.png,c78ddbeb5a935985e6d16c07f7fec15ed12e45dbc6ecf350d7cc3dea25e5def1,c78ddbeb5a935985e6d16c07f7fec15ed12e45dbc6ecf350d7cc3dea25e5def1,source-tree-c660347,unchanged
releases/development_v1/fov/392_G.png,55112c3650495f50fc97019889f8d804d7e62d6ad04a6f0722e5ca1cd945321b,55112c3650495f50fc97019889f8d804d7e62d6ad04a6f0722e5ca1cd945321b,source-tree-c660347,unchanged
releases/development_v1/fov/393_G.png,c87cdaa1b249c5848b8f8131239b051e6be9e9c84104462e3cb5ef8138127eed,c87cdaa1b249c5848b8f8131239b051e6be9e9c84104462e3cb5ef8138127eed,source-tree-c660347,unchanged
releases/development_v1/fov/394_G.png,4bccdde10f147996fe79ab60ece7d9856a62d0ce57bd797d1b0e87f96acb36e2,4bccdde10f147996fe79ab60ece7d9856a62d0ce57bd797d1b0e87f96acb36e2,source-tree-c660347,unchanged
releases/development_v1/fov/395_G.png,dab9c0d12126ddb4ec792ca0cedee1f823c3f8f0d013b02ec825b84d5d734bc9,dab9c0d12126ddb4ec792ca0cedee1f823c3f8f0d013b02ec825b84d5d734bc9,source-tree-c660347,unchanged
releases/development_v1/fov/396_G.png,93114bf6d9eba8c6a9e51c4939cde52cd77edad38e7b8a07a78c944e3022b9dd,93114bf6d9eba8c6a9e51c4939cde52cd77edad38e7b8a07a78c944e3022b9dd,source-tree-c660347,unchanged
releases/development_v1/fov/397_G.png,ed998ae48e47c920a794b0d36762ff495f78ded5f5201c1a04d7a31207c0df58,ed998ae48e47c920a794b0d36762ff495f78ded5f5201c1a04d7a31207c0df58,source-tree-c660347,unchanged
releases/development_v1/fov/398_G.png,b449b76ce22c88b0e1a169c6b5635cc68e691dbf574d2296b2954813745fb16a,b449b76ce22c88b0e1a169c6b5635cc68e691dbf574d2296b2954813745fb16a,source-tree-c660347,unchanged
releases/development_v1/fov/399_G.png,10b2a9b54740fd28e45e47b6bc7e43f1efa087de86792f5843eae8537c838f4d,10b2a9b54740fd28e45e47b6bc7e43f1efa087de86792f5843eae8537c838f4d,source-tree-c660347,unchanged
releases/development_v1/fov/39_A.png,5ac0416892bb964ba7b92a7a063c9056ede933fe2e5ba0c00335f5fc6050738f,5ac0416892bb964ba7b92a7a063c9056ede933fe2e5ba0c00335f5fc6050738f,source-tree-c660347,unchanged
releases/development_v1/fov/3_A.png,dc8b0d946264bd695edd7db3bd2071f6b80a70f591675cdedf5c53e5b5322ddd,dc8b0d946264bd695edd7db3bd2071f6b80a70f591675cdedf5c53e5b5322ddd,source-tree-c660347,unchanged
releases/development_v1/fov/400_G.png,1a4aeac46d67f392870c073a55c1b3fa200840ec0a566d27462a70632d8fa618,1a4aeac46d67f392870c073a55c1b3fa200840ec0a566d27462a70632d8fa618,source-tree-c660347,unchanged
releases/development_v1/fov/401_G.png,f555968da597be56a4798f72b428c7bb9f8737d46c22b2974aeb24d2da803a76,f555968da597be56a4798f72b428c7bb9f8737d46c22b2974aeb24d2da803a76,source-tree-c660347,unchanged
releases/development_v1/fov/402_G.png,40f207fcf07a17a32ed82eef78cb31115640c15bc108a89dbad295d6239f01de,40f207fcf07a17a32ed82eef78cb31115640c15bc108a89dbad295d6239f01de,source-tree-c660347,unchanged
releases/development_v1/fov/403_G.png,ac8f026d61edced20df7f4dedf72607e844292b8cd40eb3dac1aeeb042a1a8ea,ac8f026d61edced20df7f4dedf72607e844292b8cd40eb3dac1aeeb042a1a8ea,source-tree-c660347,unchanged
releases/development_v1/fov/404_G.png,dd1e9424c6984ecfd4fb3011bad2d843d506f18b741ba4603f251d14acc067b4,dd1e9424c6984ecfd4fb3011bad2d843d506f18b741ba4603f251d14acc067b4,source-tree-c660347,unchanged
releases/development_v1/fov/405_G.png,7127bd7da5968cbbc7ca77261ee3b30efa89b0f84aa7f22b31f6ef10a17f33da,7127bd7da5968cbbc7ca77261ee3b30efa89b0f84aa7f22b31f6ef10a17f33da,source-tree-c660347,unchanged
releases/development_v1/fov/406_G.png,becb8bc4ddf608c46da4d99108a29fdd67259edc254dd0690fc8743fe29ca746,becb8bc4ddf608c46da4d99108a29fdd67259edc254dd0690fc8743fe29ca746,source-tree-c660347,unchanged
releases/development_v1/fov/407_G.png,d6268097a3f46a8d57bbb68586857f107ff1be2e5f7b3fcc9bf58b0960e55193,d6268097a3f46a8d57bbb68586857f107ff1be2e5f7b3fcc9bf58b0960e55193,source-tree-c660347,unchanged
releases/development_v1/fov/408_G.png,8bd315b335d35c79d4da65131b5ea0a3b1e32bbdcf7ed66a1a0e58a83ec93133,8bd315b335d35c79d4da65131b5ea0a3b1e32bbdcf7ed66a1a0e58a83ec93133,source-tree-c660347,unchanged
releases/development_v1/fov/409_G.png,a615544c8268236b94e842d6eac530407d7b7a104f79ab1f877be81df9729017,a615544c8268236b94e842d6eac530407d7b7a104f79ab1f877be81df9729017,source-tree-c660347,unchanged
releases/development_v1/fov/40_A.png,4f24c2fd1daf70786010d0743bd81547920b8bba9d4693d7d7b4e5f816bd86da,4f24c2fd1daf70786010d0743bd81547920b8bba9d4693d7d7b4e5f816bd86da,source-tree-c660347,unchanged
releases/development_v1/fov/410_G.png,5cfb94102488b33f933b35857817607fc2a242eec326c779fa733b78b393bced,5cfb94102488b33f933b35857817607fc2a242eec326c779fa733b78b393bced,source-tree-c660347,unchanged
releases/development_v1/fov/411_G.png,2795888960fb4ea14a25e3e13e128609bee46cc2a3fbbf7536c332a77c65e156,2795888960fb4ea14a25e3e13e128609bee46cc2a3fbbf7536c332a77c65e156,source-tree-c660347,unchanged
releases/development_v1/fov/412_G.png,49291c8950054c7d9207547774fc4830de5cd3fce8949e178d5fc5a2b1f45c78,49291c8950054c7d9207547774fc4830de5cd3fce8949e178d5fc5a2b1f45c78,source-tree-c660347,unchanged
releases/development_v1/fov/413_G.png,b449b76ce22c88b0e1a169c6b5635cc68e691dbf574d2296b2954813745fb16a,b449b76ce22c88b0e1a169c6b5635cc68e691dbf574d2296b2954813745fb16a,source-tree-c660347,unchanged
releases/development_v1/fov/414_G.png,93114bf6d9eba8c6a9e51c4939cde52cd77edad38e7b8a07a78c944e3022b9dd,93114bf6d9eba8c6a9e51c4939cde52cd77edad38e7b8a07a78c944e3022b9dd,source-tree-c660347,unchanged
releases/development_v1/fov/415_G.png,f24f39ff9ca699f20dac0ff1011382b6c50580574bf8cbac5d29ff534ec3f318,f24f39ff9ca699f20dac0ff1011382b6c50580574bf8cbac5d29ff534ec3f318,source-tree-c660347,unchanged
releases/development_v1/fov/416_G.png,90aa23aa2f623486c4023576cc20aa10f88730cf346b7d55457cbb1f31209eda,90aa23aa2f623486c4023576cc20aa10f88730cf346b7d55457cbb1f31209eda,source-tree-c660347,unchanged
releases/development_v1/fov/417_G.png,b540faf2f69f60abc0d79cb4bd0d16aaa18f95c68903d10f3df67d69cff897d6,b540faf2f69f60abc0d79cb4bd0d16aaa18f95c68903d10f3df67d69cff897d6,source-tree-c660347,unchanged
releases/development_v1/fov/418_G.png,d1fe1ff9c504e46584360d6a68224f1a82d68ee62a76108ecce7b9062f92c1b1,d1fe1ff9c504e46584360d6a68224f1a82d68ee62a76108ecce7b9062f92c1b1,source-tree-c660347,unchanged
releases/development_v1/fov/419_G.png,8366a5ccf6f15850fe82a16d0fe312fd8d4465bf487a51cdbc95ae97d8256304,8366a5ccf6f15850fe82a16d0fe312fd8d4465bf487a51cdbc95ae97d8256304,source-tree-c660347,unchanged
releases/development_v1/fov/41_A.png,11b061a196d7395c543381f96d7e63c8939180fede7826dba316d34125816489,11b061a196d7395c543381f96d7e63c8939180fede7826dba316d34125816489,source-tree-c660347,unchanged
releases/development_v1/fov/420_G.png,89dab9fe066dba969dc317049aa686b24c41c3df2dd747024f1a202aef637d96,89dab9fe066dba969dc317049aa686b24c41c3df2dd747024f1a202aef637d96,source-tree-c660347,unchanged
releases/development_v1/fov/421_G.png,5a5ef75e53c4c61d0c58802a57fab1cf2dc142e119aed7a480383cb997357249,5a5ef75e53c4c61d0c58802a57fab1cf2dc142e119aed7a480383cb997357249,source-tree-c660347,unchanged
releases/development_v1/fov/422_G.png,4b003dde1de2e5c54291b8de2093bd37c3a6b62bbf3c22d9ab69df619a64d73d,4b003dde1de2e5c54291b8de2093bd37c3a6b62bbf3c22d9ab69df619a64d73d,source-tree-c660347,unchanged
releases/development_v1/fov/423_G.png,249a444eecf23b95968d5c7f27878e1e11e337e92a62825075621e755dea4c52,249a444eecf23b95968d5c7f27878e1e11e337e92a62825075621e755dea4c52,source-tree-c660347,unchanged
releases/development_v1/fov/424_G.png,c1df98a7857ac35cdd1ddfaa7d98446317159357d0cb2adfe5e43111227148b3,c1df98a7857ac35cdd1ddfaa7d98446317159357d0cb2adfe5e43111227148b3,source-tree-c660347,unchanged
releases/development_v1/fov/425_G.png,6f74aacdca1fda7fddc94bd191ec5bf58cd929939ffcb74f4c37fb116a3b2d23,6f74aacdca1fda7fddc94bd191ec5bf58cd929939ffcb74f4c37fb116a3b2d23,source-tree-c660347,unchanged
releases/development_v1/fov/426_G.png,2ef938f6c943b4c05642c1227f557ffe71dddf57736839aad5728b2ef3e4abe3,2ef938f6c943b4c05642c1227f557ffe71dddf57736839aad5728b2ef3e4abe3,source-tree-c660347,unchanged
releases/development_v1/fov/427_G.png,16ec07d119763d496136d4f29290b26efda37fa45c1bdeabf6bba87783415d34,16ec07d119763d496136d4f29290b26efda37fa45c1bdeabf6bba87783415d34,source-tree-c660347,unchanged
releases/development_v1/fov/428_G.png,3973f438abfb8a17d43f03d83ba20f44e65f699017cf5824c565373d3c3f82ca,3973f438abfb8a17d43f03d83ba20f44e65f699017cf5824c565373d3c3f82ca,source-tree-c660347,unchanged
releases/development_v1/fov/429_G.png,2d2ec27fe10353f530c6e72a38dccab9dc3a3130233ae191c66d56500f56c4eb,2d2ec27fe10353f530c6e72a38dccab9dc3a3130233ae191c66d56500f56c4eb,source-tree-c660347,unchanged
releases/development_v1/fov/42_A.png,93f1a34d4d040ba629cccfcc0e2e40c79714a78cfa401cdd4acae40ef6588b96,93f1a34d4d040ba629cccfcc0e2e40c79714a78cfa401cdd4acae40ef6588b96,source-tree-c660347,unchanged
releases/development_v1/fov/430_G.png,90f8bf46c19e89b8b22c2107f1bec99730b7733483c1115b604ecd5f1fbe5799,90f8bf46c19e89b8b22c2107f1bec99730b7733483c1115b604ecd5f1fbe5799,source-tree-c660347,unchanged
releases/development_v1/fov/431_G.png,8b4334fa0221fecc560683c922e2e1f996171f059ec72052268dc948a7fce8bb,8b4334fa0221fecc560683c922e2e1f996171f059ec72052268dc948a7fce8bb,source-tree-c660347,unchanged
releases/development_v1/fov/432_G.png,13c3d40cdf9726be4f5ffffdadf52c3838bd8c5a53cf00141864f130a2b7c74e,13c3d40cdf9726be4f5ffffdadf52c3838bd8c5a53cf00141864f130a2b7c74e,source-tree-c660347,unchanged
releases/development_v1/fov/433_G.png,db4f13d50ead9a72806f63d83165099e407b797e27598fe5c59302d367b8924f,db4f13d50ead9a72806f63d83165099e407b797e27598fe5c59302d367b8924f,source-tree-c660347,unchanged
releases/development_v1/fov/434_G.png,8b4334fa0221fecc560683c922e2e1f996171f059ec72052268dc948a7fce8bb,8b4334fa0221fecc560683c922e2e1f996171f059ec72052268dc948a7fce8bb,source-tree-c660347,unchanged
releases/development_v1/fov/435_G.png,2e9248eae6e818e4948e28085e3f227141a1040ea2e5c7637b15b86b8a0aaeed,2e9248eae6e818e4948e28085e3f227141a1040ea2e5c7637b15b86b8a0aaeed,source-tree-c660347,unchanged
releases/development_v1/fov/436_G.png,aea3558a2f7f4034a815772c1d5f0032bdaa65ecd033eb664145f5f8f32bd344,aea3558a2f7f4034a815772c1d5f0032bdaa65ecd033eb664145f5f8f32bd344,source-tree-c660347,unchanged
releases/development_v1/fov/437_G.png,3db6bf9b7f1f33c7e56e6fb4ddb979791c4daddbc29f3b79e5017443cc4458ee,3db6bf9b7f1f33c7e56e6fb4ddb979791c4daddbc29f3b79e5017443cc4458ee,source-tree-c660347,unchanged
releases/development_v1/fov/438_G.png,248ea783d009322e57b12d0c01985137325b382cd54825387544ebe6fb5b727e,248ea783d009322e57b12d0c01985137325b382cd54825387544ebe6fb5b727e,source-tree-c660347,unchanged
releases/development_v1/fov/439_G.png,b8e747e4a6f0fbc3fef24b06129531950fa34268f6573856d2e1ce73a94c8308,b8e747e4a6f0fbc3fef24b06129531950fa34268f6573856d2e1ce73a94c8308,source-tree-c660347,unchanged
releases/development_v1/fov/43_A.png,2561eddea82c62d72d1b6029adee4a4111400a0fef4690aa8f0d231b87cac0b6,2561eddea82c62d72d1b6029adee4a4111400a0fef4690aa8f0d231b87cac0b6,source-tree-c660347,unchanged
releases/development_v1/fov/440_G.png,aeda071038dd20f9fcb8a65d78b1d7fa951c31f4d2243d4f947bd4a491aa6f4c,aeda071038dd20f9fcb8a65d78b1d7fa951c31f4d2243d4f947bd4a491aa6f4c,source-tree-c660347,unchanged
releases/development_v1/fov/441_G.png,aea3558a2f7f4034a815772c1d5f0032bdaa65ecd033eb664145f5f8f32bd344,aea3558a2f7f4034a815772c1d5f0032bdaa65ecd033eb664145f5f8f32bd344,source-tree-c660347,unchanged
releases/development_v1/fov/442_G.png,f423c65e4ce42f418480224a1d4c87f66276ea06997a8d2033212f7e22f8ee58,f423c65e4ce42f418480224a1d4c87f66276ea06997a8d2033212f7e22f8ee58,source-tree-c660347,unchanged
releases/development_v1/fov/443_G.png,f718eb663caf20f5aba8b420d4b0959c2f0918ec850148f0e17a7d5cf89eba80,f718eb663caf20f5aba8b420d4b0959c2f0918ec850148f0e17a7d5cf89eba80,source-tree-c660347,unchanged
releases/development_v1/fov/444_G.png,8b4334fa0221fecc560683c922e2e1f996171f059ec72052268dc948a7fce8bb,8b4334fa0221fecc560683c922e2e1f996171f059ec72052268dc948a7fce8bb,source-tree-c660347,unchanged
releases/development_v1/fov/445_G.png,9fd0b8b8389eff760e24e36d4e65a64dfd6f16fc2cde0a7a696e1a9df871637d,9fd0b8b8389eff760e24e36d4e65a64dfd6f16fc2cde0a7a696e1a9df871637d,source-tree-c660347,unchanged
releases/development_v1/fov/446_G.png,f8fa70ad5af6ae59fffdec583b18d4233255e1951cf535f369a2d6f95f60f94b,f8fa70ad5af6ae59fffdec583b18d4233255e1951cf535f369a2d6f95f60f94b,source-tree-c660347,unchanged
releases/development_v1/fov/447_G.png,3b5f73187b8f3263f0517a734b483f38fdeaaa304dfc687babb5d6c5b3d37f60,3b5f73187b8f3263f0517a734b483f38fdeaaa304dfc687babb5d6c5b3d37f60,source-tree-c660347,unchanged
releases/development_v1/fov/448_G.png,390f249b781c37c3f8e4e6c556e695d5be1de2b964784aecd8a575f468c7376a,390f249b781c37c3f8e4e6c556e695d5be1de2b964784aecd8a575f468c7376a,source-tree-c660347,unchanged
releases/development_v1/fov/449_G.png,7621e841f996c6d55b90a880e2e6e6b285af2da52287d7e4a324bebbb0f9d490,7621e841f996c6d55b90a880e2e6e6b285af2da52287d7e4a324bebbb0f9d490,source-tree-c660347,unchanged
releases/development_v1/fov/44_A.png,0f32edf05f9f0355e0189e132a58a8b633863c4d464c1880e31af48f7b6a95dc,0f32edf05f9f0355e0189e132a58a8b633863c4d464c1880e31af48f7b6a95dc,source-tree-c660347,unchanged
releases/development_v1/fov/450_G.png,a38fce3351bbe9d2a46eeab83acb136aa48b7201c554eedea505d246774c6303,a38fce3351bbe9d2a46eeab83acb136aa48b7201c554eedea505d246774c6303,source-tree-c660347,unchanged
releases/development_v1/fov/451_N.png,71bc20eba73bb49255fe0deef99d20baa8dd38c0553b730c402801333fd75f8a,71bc20eba73bb49255fe0deef99d20baa8dd38c0553b730c402801333fd75f8a,source-tree-c660347,unchanged
releases/development_v1/fov/452_N.png,31920649f8866af650863109b70a3b5feae0ce994d1fdd9911db6afc1090c54d,31920649f8866af650863109b70a3b5feae0ce994d1fdd9911db6afc1090c54d,source-tree-c660347,unchanged
releases/development_v1/fov/453_N.png,4bccdde10f147996fe79ab60ece7d9856a62d0ce57bd797d1b0e87f96acb36e2,4bccdde10f147996fe79ab60ece7d9856a62d0ce57bd797d1b0e87f96acb36e2,source-tree-c660347,unchanged
releases/development_v1/fov/454_N.png,2c12684b4b6bb1bac25fe7b09bcf0676853eb53bf873d407988f1a2a803b9a24,2c12684b4b6bb1bac25fe7b09bcf0676853eb53bf873d407988f1a2a803b9a24,source-tree-c660347,unchanged
releases/development_v1/fov/455_N.png,edab1c004fd76139e2fd40087504928780bb9fe1f4277fa720da91af19658264,edab1c004fd76139e2fd40087504928780bb9fe1f4277fa720da91af19658264,source-tree-c660347,unchanged
releases/development_v1/fov/456_N.png,89a394be93b8a148106fdb7b75d55d6073625d7fbfb64fe8ab1a24a3efd09162,89a394be93b8a148106fdb7b75d55d6073625d7fbfb64fe8ab1a24a3efd09162,source-tree-c660347,unchanged
releases/development_v1/fov/457_N.png,d6268097a3f46a8d57bbb68586857f107ff1be2e5f7b3fcc9bf58b0960e55193,d6268097a3f46a8d57bbb68586857f107ff1be2e5f7b3fcc9bf58b0960e55193,source-tree-c660347,unchanged
releases/development_v1/fov/458_N.png,4689fd6728ea4165edc35ec4c13193710a1daf6929be319af16467e8eb71fdf1,4689fd6728ea4165edc35ec4c13193710a1daf6929be319af16467e8eb71fdf1,source-tree-c660347,unchanged
releases/development_v1/fov/459_N.png,e4cdacfdce7da4a22e776dd5c3c4cbb7cfc5517df07e914e8528e893eca2e711,e4cdacfdce7da4a22e776dd5c3c4cbb7cfc5517df07e914e8528e893eca2e711,source-tree-c660347,unchanged
releases/development_v1/fov/45_A.png,01e9f7bfc28e522505b8349e7f6b3504a970d6906a6b6b0164d32c779c86d218,01e9f7bfc28e522505b8349e7f6b3504a970d6906a6b6b0164d32c779c86d218,source-tree-c660347,unchanged
releases/development_v1/fov/460_N.png,c6ef0587552e276faef03df831fec80e9658e2dfe0e73226c424485f3eb949f3,c6ef0587552e276faef03df831fec80e9658e2dfe0e73226c424485f3eb949f3,source-tree-c660347,unchanged
releases/development_v1/fov/461_N.png,06bed989dd929c8678e036a98c49229609bd23bf3ff67372e909c7d69e111109,06bed989dd929c8678e036a98c49229609bd23bf3ff67372e909c7d69e111109,source-tree-c660347,unchanged
releases/development_v1/fov/462_N.png,22955ade0fa6b6dfbd9158ff642c4a15dc2e7bd1290f98325e2afc4e8162f27e,22955ade0fa6b6dfbd9158ff642c4a15dc2e7bd1290f98325e2afc4e8162f27e,source-tree-c660347,unchanged
releases/development_v1/fov/463_N.png,f71c9f1315c09361cec1564d13e0e2870b446ecb55fc1d0b446e9a19d817e93a,f71c9f1315c09361cec1564d13e0e2870b446ecb55fc1d0b446e9a19d817e93a,source-tree-c660347,unchanged
releases/development_v1/fov/464_N.png,be59d83a756b64493300a5b139edf6b7250f67b006ae268faeedcaa884725ceb,be59d83a756b64493300a5b139edf6b7250f67b006ae268faeedcaa884725ceb,source-tree-c660347,unchanged
releases/development_v1/fov/465_N.png,22955ade0fa6b6dfbd9158ff642c4a15dc2e7bd1290f98325e2afc4e8162f27e,22955ade0fa6b6dfbd9158ff642c4a15dc2e7bd1290f98325e2afc4e8162f27e,source-tree-c660347,unchanged
releases/development_v1/fov/466_N.png,061342dde7ed56dc2389e40b96ce5bc36a7530edc4f47418eb094ff28a25d707,061342dde7ed56dc2389e40b96ce5bc36a7530edc4f47418eb094ff28a25d707,source-tree-c660347,unchanged
releases/development_v1/fov/467_N.png,988ab2a650b76b2f901142353cf537389c607ac165d438556d451dd422f0319a,988ab2a650b76b2f901142353cf537389c607ac165d438556d451dd422f0319a,source-tree-c660347,unchanged
releases/development_v1/fov/468_N.png,95ec07973a4f2866c035d780facb30c1cc5042892883243725b40365b5701881,95ec07973a4f2866c035d780facb30c1cc5042892883243725b40365b5701881,source-tree-c660347,unchanged
releases/development_v1/fov/469_N.png,05d000efd228a8164ffd6ac2441845d09db11f9bae8732b0f0f6a0ad021fd8fb,05d000efd228a8164ffd6ac2441845d09db11f9bae8732b0f0f6a0ad021fd8fb,source-tree-c660347,unchanged
releases/development_v1/fov/46_A.png,244125b05f3d0fa7a4b1133735a5940305d08d968ef7d0f5332076b34d4bbec5,244125b05f3d0fa7a4b1133735a5940305d08d968ef7d0f5332076b34d4bbec5,source-tree-c660347,unchanged
releases/development_v1/fov/470_N.png,c021dcb117772daf374b3ff96e5c0f9ce4e516f9c4019ac65cec202a67050ee7,c021dcb117772daf374b3ff96e5c0f9ce4e516f9c4019ac65cec202a67050ee7,source-tree-c660347,unchanged
releases/development_v1/fov/471_N.png,d61715a29fd70bd794ba9160e44830936743a3a5c9e143e12f4dd3655186760a,d61715a29fd70bd794ba9160e44830936743a3a5c9e143e12f4dd3655186760a,source-tree-c660347,unchanged
releases/development_v1/fov/472_N.png,0ab555e58672c7ef8afb404593348bcf04c96fa4da08522b27f8edea2e2d637d,0ab555e58672c7ef8afb404593348bcf04c96fa4da08522b27f8edea2e2d637d,source-tree-c660347,unchanged
releases/development_v1/fov/473_N.png,890f991f98b7490f992a4d81625596c41647f5739e8e8e9645a30198392eea17,890f991f98b7490f992a4d81625596c41647f5739e8e8e9645a30198392eea17,source-tree-c660347,unchanged
releases/development_v1/fov/474_N.png,ffa4d7452eda1916c003cee1d17c66cb177be4dc8e145048daf15fe6a09d93a2,ffa4d7452eda1916c003cee1d17c66cb177be4dc8e145048daf15fe6a09d93a2,source-tree-c660347,unchanged
releases/development_v1/fov/475_N.png,f3c5ef92039774e42fbb2693e3b5990c0a6906e7c4217663b907cd0edac7d5fb,f3c5ef92039774e42fbb2693e3b5990c0a6906e7c4217663b907cd0edac7d5fb,source-tree-c660347,unchanged
releases/development_v1/fov/476_N.png,f3c5ef92039774e42fbb2693e3b5990c0a6906e7c4217663b907cd0edac7d5fb,f3c5ef92039774e42fbb2693e3b5990c0a6906e7c4217663b907cd0edac7d5fb,source-tree-c660347,unchanged
releases/development_v1/fov/477_N.png,f3c5ef92039774e42fbb2693e3b5990c0a6906e7c4217663b907cd0edac7d5fb,f3c5ef92039774e42fbb2693e3b5990c0a6906e7c4217663b907cd0edac7d5fb,source-tree-c660347,unchanged
releases/development_v1/fov/478_N.png,f3c5ef92039774e42fbb2693e3b5990c0a6906e7c4217663b907cd0edac7d5fb,f3c5ef92039774e42fbb2693e3b5990c0a6906e7c4217663b907cd0edac7d5fb,source-tree-c660347,unchanged
releases/development_v1/fov/479_N.png,f3c5ef92039774e42fbb2693e3b5990c0a6906e7c4217663b907cd0edac7d5fb,f3c5ef92039774e42fbb2693e3b5990c0a6906e7c4217663b907cd0edac7d5fb,source-tree-c660347,unchanged
releases/development_v1/fov/47_A.png,ec5e72f26dc38939d2f410f4076d595d59c41509ce2f9b17f798b448969dbb27,ec5e72f26dc38939d2f410f4076d595d59c41509ce2f9b17f798b448969dbb27,source-tree-c660347,unchanged
releases/development_v1/fov/480_N.png,f3c5ef92039774e42fbb2693e3b5990c0a6906e7c4217663b907cd0edac7d5fb,f3c5ef92039774e42fbb2693e3b5990c0a6906e7c4217663b907cd0edac7d5fb,source-tree-c660347,unchanged
releases/development_v1/fov/481_N.png,f3c5ef92039774e42fbb2693e3b5990c0a6906e7c4217663b907cd0edac7d5fb,f3c5ef92039774e42fbb2693e3b5990c0a6906e7c4217663b907cd0edac7d5fb,source-tree-c660347,unchanged
releases/development_v1/fov/482_N.png,f3c5ef92039774e42fbb2693e3b5990c0a6906e7c4217663b907cd0edac7d5fb,f3c5ef92039774e42fbb2693e3b5990c0a6906e7c4217663b907cd0edac7d5fb,source-tree-c660347,unchanged
releases/development_v1/fov/483_N.png,f3c5ef92039774e42fbb2693e3b5990c0a6906e7c4217663b907cd0edac7d5fb,f3c5ef92039774e42fbb2693e3b5990c0a6906e7c4217663b907cd0edac7d5fb,source-tree-c660347,unchanged
releases/development_v1/fov/484_N.png,f3c5ef92039774e42fbb2693e3b5990c0a6906e7c4217663b907cd0edac7d5fb,f3c5ef92039774e42fbb2693e3b5990c0a6906e7c4217663b907cd0edac7d5fb,source-tree-c660347,unchanged
releases/development_v1/fov/485_N.png,f3c5ef92039774e42fbb2693e3b5990c0a6906e7c4217663b907cd0edac7d5fb,f3c5ef92039774e42fbb2693e3b5990c0a6906e7c4217663b907cd0edac7d5fb,source-tree-c660347,unchanged
releases/development_v1/fov/486_N.png,f3c5ef92039774e42fbb2693e3b5990c0a6906e7c4217663b907cd0edac7d5fb,f3c5ef92039774e42fbb2693e3b5990c0a6906e7c4217663b907cd0edac7d5fb,source-tree-c660347,unchanged
releases/development_v1/fov/487_N.png,f3c5ef92039774e42fbb2693e3b5990c0a6906e7c4217663b907cd0edac7d5fb,f3c5ef92039774e42fbb2693e3b5990c0a6906e7c4217663b907cd0edac7d5fb,source-tree-c660347,unchanged
releases/development_v1/fov/488_N.png,f3c5ef92039774e42fbb2693e3b5990c0a6906e7c4217663b907cd0edac7d5fb,f3c5ef92039774e42fbb2693e3b5990c0a6906e7c4217663b907cd0edac7d5fb,source-tree-c660347,unchanged
releases/development_v1/fov/489_N.png,f3c5ef92039774e42fbb2693e3b5990c0a6906e7c4217663b907cd0edac7d5fb,f3c5ef92039774e42fbb2693e3b5990c0a6906e7c4217663b907cd0edac7d5fb,source-tree-c660347,unchanged
releases/development_v1/fov/48_A.png,e75d3b5ac2b0a2ee252ae408eab936f9538f138fe45867ad27b80660c7b31680,e75d3b5ac2b0a2ee252ae408eab936f9538f138fe45867ad27b80660c7b31680,source-tree-c660347,unchanged
releases/development_v1/fov/490_N.png,f3c5ef92039774e42fbb2693e3b5990c0a6906e7c4217663b907cd0edac7d5fb,f3c5ef92039774e42fbb2693e3b5990c0a6906e7c4217663b907cd0edac7d5fb,source-tree-c660347,unchanged
releases/development_v1/fov/491_N.png,f3c5ef92039774e42fbb2693e3b5990c0a6906e7c4217663b907cd0edac7d5fb,f3c5ef92039774e42fbb2693e3b5990c0a6906e7c4217663b907cd0edac7d5fb,source-tree-c660347,unchanged
releases/development_v1/fov/492_N.png,f3c5ef92039774e42fbb2693e3b5990c0a6906e7c4217663b907cd0edac7d5fb,f3c5ef92039774e42fbb2693e3b5990c0a6906e7c4217663b907cd0edac7d5fb,source-tree-c660347,unchanged
releases/development_v1/fov/493_N.png,f3c5ef92039774e42fbb2693e3b5990c0a6906e7c4217663b907cd0edac7d5fb,f3c5ef92039774e42fbb2693e3b5990c0a6906e7c4217663b907cd0edac7d5fb,source-tree-c660347,unchanged
releases/development_v1/fov/494_N.png,f3c5ef92039774e42fbb2693e3b5990c0a6906e7c4217663b907cd0edac7d5fb,f3c5ef92039774e42fbb2693e3b5990c0a6906e7c4217663b907cd0edac7d5fb,source-tree-c660347,unchanged
releases/development_v1/fov/495_N.png,f3c5ef92039774e42fbb2693e3b5990c0a6906e7c4217663b907cd0edac7d5fb,f3c5ef92039774e42fbb2693e3b5990c0a6906e7c4217663b907cd0edac7d5fb,source-tree-c660347,unchanged
releases/development_v1/fov/496_N.png,f3c5ef92039774e42fbb2693e3b5990c0a6906e7c4217663b907cd0edac7d5fb,f3c5ef92039774e42fbb2693e3b5990c0a6906e7c4217663b907cd0edac7d5fb,source-tree-c660347,unchanged
releases/development_v1/fov/497_N.png,f3c5ef92039774e42fbb2693e3b5990c0a6906e7c4217663b907cd0edac7d5fb,f3c5ef92039774e42fbb2693e3b5990c0a6906e7c4217663b907cd0edac7d5fb,source-tree-c660347,unchanged
releases/development_v1/fov/498_N.png,f3c5ef92039774e42fbb2693e3b5990c0a6906e7c4217663b907cd0edac7d5fb,f3c5ef92039774e42fbb2693e3b5990c0a6906e7c4217663b907cd0edac7d5fb,source-tree-c660347,unchanged
releases/development_v1/fov/499_N.png,f3c5ef92039774e42fbb2693e3b5990c0a6906e7c4217663b907cd0edac7d5fb,f3c5ef92039774e42fbb2693e3b5990c0a6906e7c4217663b907cd0edac7d5fb,source-tree-c660347,unchanged
releases/development_v1/fov/49_A.png,7ab078e7d84a3e8eee040527d3e83a5f1ca31380451e904f5d3242e475ff2706,7ab078e7d84a3e8eee040527d3e83a5f1ca31380451e904f5d3242e475ff2706,source-tree-c660347,unchanged
releases/development_v1/fov/4_A.png,dce1d1b45a00b85ba9130ea49d1fea650c0c09fc01e84a2c49a4b132538b6a20,dce1d1b45a00b85ba9130ea49d1fea650c0c09fc01e84a2c49a4b132538b6a20,source-tree-c660347,unchanged
releases/development_v1/fov/500_N.png,f3c5ef92039774e42fbb2693e3b5990c0a6906e7c4217663b907cd0edac7d5fb,f3c5ef92039774e42fbb2693e3b5990c0a6906e7c4217663b907cd0edac7d5fb,source-tree-c660347,unchanged
releases/development_v1/fov/501_N.png,f3c5ef92039774e42fbb2693e3b5990c0a6906e7c4217663b907cd0edac7d5fb,f3c5ef92039774e42fbb2693e3b5990c0a6906e7c4217663b907cd0edac7d5fb,source-tree-c660347,unchanged
releases/development_v1/fov/502_N.png,f3c5ef92039774e42fbb2693e3b5990c0a6906e7c4217663b907cd0edac7d5fb,f3c5ef92039774e42fbb2693e3b5990c0a6906e7c4217663b907cd0edac7d5fb,source-tree-c660347,unchanged
releases/development_v1/fov/503_N.png,f3c5ef92039774e42fbb2693e3b5990c0a6906e7c4217663b907cd0edac7d5fb,f3c5ef92039774e42fbb2693e3b5990c0a6906e7c4217663b907cd0edac7d5fb,source-tree-c660347,unchanged
releases/development_v1/fov/504_N.png,f3c5ef92039774e42fbb2693e3b5990c0a6906e7c4217663b907cd0edac7d5fb,f3c5ef92039774e42fbb2693e3b5990c0a6906e7c4217663b907cd0edac7d5fb,source-tree-c660347,unchanged
releases/development_v1/fov/505_N.png,f3c5ef92039774e42fbb2693e3b5990c0a6906e7c4217663b907cd0edac7d5fb,f3c5ef92039774e42fbb2693e3b5990c0a6906e7c4217663b907cd0edac7d5fb,source-tree-c660347,unchanged
releases/development_v1/fov/506_N.png,f3c5ef92039774e42fbb2693e3b5990c0a6906e7c4217663b907cd0edac7d5fb,f3c5ef92039774e42fbb2693e3b5990c0a6906e7c4217663b907cd0edac7d5fb,source-tree-c660347,unchanged
releases/development_v1/fov/507_N.png,f3c5ef92039774e42fbb2693e3b5990c0a6906e7c4217663b907cd0edac7d5fb,f3c5ef92039774e42fbb2693e3b5990c0a6906e7c4217663b907cd0edac7d5fb,source-tree-c660347,unchanged
releases/development_v1/fov/508_N.png,f3c5ef92039774e42fbb2693e3b5990c0a6906e7c4217663b907cd0edac7d5fb,f3c5ef92039774e42fbb2693e3b5990c0a6906e7c4217663b907cd0edac7d5fb,source-tree-c660347,unchanged
releases/development_v1/fov/509_N.png,f3c5ef92039774e42fbb2693e3b5990c0a6906e7c4217663b907cd0edac7d5fb,f3c5ef92039774e42fbb2693e3b5990c0a6906e7c4217663b907cd0edac7d5fb,source-tree-c660347,unchanged
releases/development_v1/fov/50_A.png,6b5f13fd9e4912950dd4642d3338fc45a194c776768f638af14983717b078b78,6b5f13fd9e4912950dd4642d3338fc45a194c776768f638af14983717b078b78,source-tree-c660347,unchanged
releases/development_v1/fov/510_N.png,f3c5ef92039774e42fbb2693e3b5990c0a6906e7c4217663b907cd0edac7d5fb,f3c5ef92039774e42fbb2693e3b5990c0a6906e7c4217663b907cd0edac7d5fb,source-tree-c660347,unchanged
releases/development_v1/fov/511_N.png,f3c5ef92039774e42fbb2693e3b5990c0a6906e7c4217663b907cd0edac7d5fb,f3c5ef92039774e42fbb2693e3b5990c0a6906e7c4217663b907cd0edac7d5fb,source-tree-c660347,unchanged
releases/development_v1/fov/512_N.png,f3c5ef92039774e42fbb2693e3b5990c0a6906e7c4217663b907cd0edac7d5fb,f3c5ef92039774e42fbb2693e3b5990c0a6906e7c4217663b907cd0edac7d5fb,source-tree-c660347,unchanged
releases/development_v1/fov/513_N.png,f3c5ef92039774e42fbb2693e3b5990c0a6906e7c4217663b907cd0edac7d5fb,f3c5ef92039774e42fbb2693e3b5990c0a6906e7c4217663b907cd0edac7d5fb,source-tree-c660347,unchanged
releases/development_v1/fov/514_N.png,f3c5ef92039774e42fbb2693e3b5990c0a6906e7c4217663b907cd0edac7d5fb,f3c5ef92039774e42fbb2693e3b5990c0a6906e7c4217663b907cd0edac7d5fb,source-tree-c660347,unchanged
releases/development_v1/fov/515_N.png,f3c5ef92039774e42fbb2693e3b5990c0a6906e7c4217663b907cd0edac7d5fb,f3c5ef92039774e42fbb2693e3b5990c0a6906e7c4217663b907cd0edac7d5fb,source-tree-c660347,unchanged
releases/development_v1/fov/516_N.png,f3c5ef92039774e42fbb2693e3b5990c0a6906e7c4217663b907cd0edac7d5fb,f3c5ef92039774e42fbb2693e3b5990c0a6906e7c4217663b907cd0edac7d5fb,source-tree-c660347,unchanged
releases/development_v1/fov/517_N.png,f3c5ef92039774e42fbb2693e3b5990c0a6906e7c4217663b907cd0edac7d5fb,f3c5ef92039774e42fbb2693e3b5990c0a6906e7c4217663b907cd0edac7d5fb,source-tree-c660347,unchanged
releases/development_v1/fov/518_N.png,f3c5ef92039774e42fbb2693e3b5990c0a6906e7c4217663b907cd0edac7d5fb,f3c5ef92039774e42fbb2693e3b5990c0a6906e7c4217663b907cd0edac7d5fb,source-tree-c660347,unchanged
releases/development_v1/fov/519_N.png,f3c5ef92039774e42fbb2693e3b5990c0a6906e7c4217663b907cd0edac7d5fb,f3c5ef92039774e42fbb2693e3b5990c0a6906e7c4217663b907cd0edac7d5fb,source-tree-c660347,unchanged
releases/development_v1/fov/51_A.png,98b6451da0863d31ed55313d85a8606c02ff7bad9135c5b6e0f66f4c4c6ddfb7,98b6451da0863d31ed55313d85a8606c02ff7bad9135c5b6e0f66f4c4c6ddfb7,source-tree-c660347,unchanged
releases/development_v1/fov/520_N.png,f3c5ef92039774e42fbb2693e3b5990c0a6906e7c4217663b907cd0edac7d5fb,f3c5ef92039774e42fbb2693e3b5990c0a6906e7c4217663b907cd0edac7d5fb,source-tree-c660347,unchanged
releases/development_v1/fov/521_N.png,f3c5ef92039774e42fbb2693e3b5990c0a6906e7c4217663b907cd0edac7d5fb,f3c5ef92039774e42fbb2693e3b5990c0a6906e7c4217663b907cd0edac7d5fb,source-tree-c660347,unchanged
releases/development_v1/fov/522_N.png,f3c5ef92039774e42fbb2693e3b5990c0a6906e7c4217663b907cd0edac7d5fb,f3c5ef92039774e42fbb2693e3b5990c0a6906e7c4217663b907cd0edac7d5fb,source-tree-c660347,unchanged
releases/development_v1/fov/523_N.png,f3c5ef92039774e42fbb2693e3b5990c0a6906e7c4217663b907cd0edac7d5fb,f3c5ef92039774e42fbb2693e3b5990c0a6906e7c4217663b907cd0edac7d5fb,source-tree-c660347,unchanged
releases/development_v1/fov/524_N.png,f3c5ef92039774e42fbb2693e3b5990c0a6906e7c4217663b907cd0edac7d5fb,f3c5ef92039774e42fbb2693e3b5990c0a6906e7c4217663b907cd0edac7d5fb,source-tree-c660347,unchanged
releases/development_v1/fov/525_N.png,f3c5ef92039774e42fbb2693e3b5990c0a6906e7c4217663b907cd0edac7d5fb,f3c5ef92039774e42fbb2693e3b5990c0a6906e7c4217663b907cd0edac7d5fb,source-tree-c660347,unchanged
releases/development_v1/fov/526_N.png,f3c5ef92039774e42fbb2693e3b5990c0a6906e7c4217663b907cd0edac7d5fb,f3c5ef92039774e42fbb2693e3b5990c0a6906e7c4217663b907cd0edac7d5fb,source-tree-c660347,unchanged
releases/development_v1/fov/527_N.png,f3c5ef92039774e42fbb2693e3b5990c0a6906e7c4217663b907cd0edac7d5fb,f3c5ef92039774e42fbb2693e3b5990c0a6906e7c4217663b907cd0edac7d5fb,source-tree-c660347,unchanged
releases/development_v1/fov/528_N.png,f3c5ef92039774e42fbb2693e3b5990c0a6906e7c4217663b907cd0edac7d5fb,f3c5ef92039774e42fbb2693e3b5990c0a6906e7c4217663b907cd0edac7d5fb,source-tree-c660347,unchanged
releases/development_v1/fov/529_N.png,f3c5ef92039774e42fbb2693e3b5990c0a6906e7c4217663b907cd0edac7d5fb,f3c5ef92039774e42fbb2693e3b5990c0a6906e7c4217663b907cd0edac7d5fb,source-tree-c660347,unchanged
releases/development_v1/fov/52_A.png,d3975b8e2c55cc25beccb1f9c2d52a822a155ee83d794be8a38b7e0b23b32876,d3975b8e2c55cc25beccb1f9c2d52a822a155ee83d794be8a38b7e0b23b32876,source-tree-c660347,unchanged
releases/development_v1/fov/530_N.png,f3c5ef92039774e42fbb2693e3b5990c0a6906e7c4217663b907cd0edac7d5fb,f3c5ef92039774e42fbb2693e3b5990c0a6906e7c4217663b907cd0edac7d5fb,source-tree-c660347,unchanged
releases/development_v1/fov/531_N.png,f3c5ef92039774e42fbb2693e3b5990c0a6906e7c4217663b907cd0edac7d5fb,f3c5ef92039774e42fbb2693e3b5990c0a6906e7c4217663b907cd0edac7d5fb,source-tree-c660347,unchanged
releases/development_v1/fov/532_N.png,f3c5ef92039774e42fbb2693e3b5990c0a6906e7c4217663b907cd0edac7d5fb,f3c5ef92039774e42fbb2693e3b5990c0a6906e7c4217663b907cd0edac7d5fb,source-tree-c660347,unchanged
releases/development_v1/fov/533_N.png,f3c5ef92039774e42fbb2693e3b5990c0a6906e7c4217663b907cd0edac7d5fb,f3c5ef92039774e42fbb2693e3b5990c0a6906e7c4217663b907cd0edac7d5fb,source-tree-c660347,unchanged
releases/development_v1/fov/534_N.png,f3c5ef92039774e42fbb2693e3b5990c0a6906e7c4217663b907cd0edac7d5fb,f3c5ef92039774e42fbb2693e3b5990c0a6906e7c4217663b907cd0edac7d5fb,source-tree-c660347,unchanged
releases/development_v1/fov/535_N.png,f3c5ef92039774e42fbb2693e3b5990c0a6906e7c4217663b907cd0edac7d5fb,f3c5ef92039774e42fbb2693e3b5990c0a6906e7c4217663b907cd0edac7d5fb,source-tree-c660347,unchanged
releases/development_v1/fov/536_N.png,f3c5ef92039774e42fbb2693e3b5990c0a6906e7c4217663b907cd0edac7d5fb,f3c5ef92039774e42fbb2693e3b5990c0a6906e7c4217663b907cd0edac7d5fb,source-tree-c660347,unchanged
releases/development_v1/fov/537_N.png,f3c5ef92039774e42fbb2693e3b5990c0a6906e7c4217663b907cd0edac7d5fb,f3c5ef92039774e42fbb2693e3b5990c0a6906e7c4217663b907cd0edac7d5fb,source-tree-c660347,unchanged
releases/development_v1/fov/538_N.png,f3c5ef92039774e42fbb2693e3b5990c0a6906e7c4217663b907cd0edac7d5fb,f3c5ef92039774e42fbb2693e3b5990c0a6906e7c4217663b907cd0edac7d5fb,source-tree-c660347,unchanged
releases/development_v1/fov/539_N.png,f3c5ef92039774e42fbb2693e3b5990c0a6906e7c4217663b907cd0edac7d5fb,f3c5ef92039774e42fbb2693e3b5990c0a6906e7c4217663b907cd0edac7d5fb,source-tree-c660347,unchanged
releases/development_v1/fov/53_A.png,517d5aa706bada4ede2f7c2a8641282bf8f4016ccd9f0bb5623ba60c9c9ad4ea,517d5aa706bada4ede2f7c2a8641282bf8f4016ccd9f0bb5623ba60c9c9ad4ea,source-tree-c660347,unchanged
releases/development_v1/fov/540_N.png,f3c5ef92039774e42fbb2693e3b5990c0a6906e7c4217663b907cd0edac7d5fb,f3c5ef92039774e42fbb2693e3b5990c0a6906e7c4217663b907cd0edac7d5fb,source-tree-c660347,unchanged
releases/development_v1/fov/541_N.png,f3c5ef92039774e42fbb2693e3b5990c0a6906e7c4217663b907cd0edac7d5fb,f3c5ef92039774e42fbb2693e3b5990c0a6906e7c4217663b907cd0edac7d5fb,source-tree-c660347,unchanged
releases/development_v1/fov/542_N.png,f3c5ef92039774e42fbb2693e3b5990c0a6906e7c4217663b907cd0edac7d5fb,f3c5ef92039774e42fbb2693e3b5990c0a6906e7c4217663b907cd0edac7d5fb,source-tree-c660347,unchanged
releases/development_v1/fov/543_N.png,f3c5ef92039774e42fbb2693e3b5990c0a6906e7c4217663b907cd0edac7d5fb,f3c5ef92039774e42fbb2693e3b5990c0a6906e7c4217663b907cd0edac7d5fb,source-tree-c660347,unchanged
releases/development_v1/fov/544_N.png,f3c5ef92039774e42fbb2693e3b5990c0a6906e7c4217663b907cd0edac7d5fb,f3c5ef92039774e42fbb2693e3b5990c0a6906e7c4217663b907cd0edac7d5fb,source-tree-c660347,unchanged
releases/development_v1/fov/545_N.png,f3c5ef92039774e42fbb2693e3b5990c0a6906e7c4217663b907cd0edac7d5fb,f3c5ef92039774e42fbb2693e3b5990c0a6906e7c4217663b907cd0edac7d5fb,source-tree-c660347,unchanged
releases/development_v1/fov/546_N.png,f3c5ef92039774e42fbb2693e3b5990c0a6906e7c4217663b907cd0edac7d5fb,f3c5ef92039774e42fbb2693e3b5990c0a6906e7c4217663b907cd0edac7d5fb,source-tree-c660347,unchanged
releases/development_v1/fov/547_N.png,f3c5ef92039774e42fbb2693e3b5990c0a6906e7c4217663b907cd0edac7d5fb,f3c5ef92039774e42fbb2693e3b5990c0a6906e7c4217663b907cd0edac7d5fb,source-tree-c660347,unchanged
releases/development_v1/fov/548_N.png,f3c5ef92039774e42fbb2693e3b5990c0a6906e7c4217663b907cd0edac7d5fb,f3c5ef92039774e42fbb2693e3b5990c0a6906e7c4217663b907cd0edac7d5fb,source-tree-c660347,unchanged
releases/development_v1/fov/549_N.png,f3c5ef92039774e42fbb2693e3b5990c0a6906e7c4217663b907cd0edac7d5fb,f3c5ef92039774e42fbb2693e3b5990c0a6906e7c4217663b907cd0edac7d5fb,source-tree-c660347,unchanged
releases/development_v1/fov/54_A.png,5bf8ffe10f6875b8f17fb049596b5431ecae914e0f0d05e35daa45ce0dcbb59d,5bf8ffe10f6875b8f17fb049596b5431ecae914e0f0d05e35daa45ce0dcbb59d,source-tree-c660347,unchanged
releases/development_v1/fov/550_N.png,f3c5ef92039774e42fbb2693e3b5990c0a6906e7c4217663b907cd0edac7d5fb,f3c5ef92039774e42fbb2693e3b5990c0a6906e7c4217663b907cd0edac7d5fb,source-tree-c660347,unchanged
releases/development_v1/fov/551_N.png,f3c5ef92039774e42fbb2693e3b5990c0a6906e7c4217663b907cd0edac7d5fb,f3c5ef92039774e42fbb2693e3b5990c0a6906e7c4217663b907cd0edac7d5fb,source-tree-c660347,unchanged
releases/development_v1/fov/552_N.png,f3c5ef92039774e42fbb2693e3b5990c0a6906e7c4217663b907cd0edac7d5fb,f3c5ef92039774e42fbb2693e3b5990c0a6906e7c4217663b907cd0edac7d5fb,source-tree-c660347,unchanged
releases/development_v1/fov/553_N.png,f3c5ef92039774e42fbb2693e3b5990c0a6906e7c4217663b907cd0edac7d5fb,f3c5ef92039774e42fbb2693e3b5990c0a6906e7c4217663b907cd0edac7d5fb,source-tree-c660347,unchanged
releases/development_v1/fov/554_N.png,f3c5ef92039774e42fbb2693e3b5990c0a6906e7c4217663b907cd0edac7d5fb,f3c5ef92039774e42fbb2693e3b5990c0a6906e7c4217663b907cd0edac7d5fb,source-tree-c660347,unchanged
releases/development_v1/fov/555_N.png,f3c5ef92039774e42fbb2693e3b5990c0a6906e7c4217663b907cd0edac7d5fb,f3c5ef92039774e42fbb2693e3b5990c0a6906e7c4217663b907cd0edac7d5fb,source-tree-c660347,unchanged
releases/development_v1/fov/556_N.png,f3c5ef92039774e42fbb2693e3b5990c0a6906e7c4217663b907cd0edac7d5fb,f3c5ef92039774e42fbb2693e3b5990c0a6906e7c4217663b907cd0edac7d5fb,source-tree-c660347,unchanged
releases/development_v1/fov/557_N.png,f3c5ef92039774e42fbb2693e3b5990c0a6906e7c4217663b907cd0edac7d5fb,f3c5ef92039774e42fbb2693e3b5990c0a6906e7c4217663b907cd0edac7d5fb,source-tree-c660347,unchanged
releases/development_v1/fov/558_N.png,f3c5ef92039774e42fbb2693e3b5990c0a6906e7c4217663b907cd0edac7d5fb,f3c5ef92039774e42fbb2693e3b5990c0a6906e7c4217663b907cd0edac7d5fb,source-tree-c660347,unchanged
releases/development_v1/fov/559_N.png,f3c5ef92039774e42fbb2693e3b5990c0a6906e7c4217663b907cd0edac7d5fb,f3c5ef92039774e42fbb2693e3b5990c0a6906e7c4217663b907cd0edac7d5fb,source-tree-c660347,unchanged
releases/development_v1/fov/55_A.png,e87e7323ef4973e9245c9aa37b1763100218a572a2ac89dd5059acc4ed0d5bcc,e87e7323ef4973e9245c9aa37b1763100218a572a2ac89dd5059acc4ed0d5bcc,source-tree-c660347,unchanged
releases/development_v1/fov/560_N.png,f3c5ef92039774e42fbb2693e3b5990c0a6906e7c4217663b907cd0edac7d5fb,f3c5ef92039774e42fbb2693e3b5990c0a6906e7c4217663b907cd0edac7d5fb,source-tree-c660347,unchanged
releases/development_v1/fov/561_N.png,f3c5ef92039774e42fbb2693e3b5990c0a6906e7c4217663b907cd0edac7d5fb,f3c5ef92039774e42fbb2693e3b5990c0a6906e7c4217663b907cd0edac7d5fb,source-tree-c660347,unchanged
releases/development_v1/fov/562_N.png,f3c5ef92039774e42fbb2693e3b5990c0a6906e7c4217663b907cd0edac7d5fb,f3c5ef92039774e42fbb2693e3b5990c0a6906e7c4217663b907cd0edac7d5fb,source-tree-c660347,unchanged
releases/development_v1/fov/563_N.png,f3c5ef92039774e42fbb2693e3b5990c0a6906e7c4217663b907cd0edac7d5fb,f3c5ef92039774e42fbb2693e3b5990c0a6906e7c4217663b907cd0edac7d5fb,source-tree-c660347,unchanged
releases/development_v1/fov/564_N.png,f3c5ef92039774e42fbb2693e3b5990c0a6906e7c4217663b907cd0edac7d5fb,f3c5ef92039774e42fbb2693e3b5990c0a6906e7c4217663b907cd0edac7d5fb,source-tree-c660347,unchanged
releases/development_v1/fov/565_N.png,f3c5ef92039774e42fbb2693e3b5990c0a6906e7c4217663b907cd0edac7d5fb,f3c5ef92039774e42fbb2693e3b5990c0a6906e7c4217663b907cd0edac7d5fb,source-tree-c660347,unchanged
releases/development_v1/fov/566_N.png,f3c5ef92039774e42fbb2693e3b5990c0a6906e7c4217663b907cd0edac7d5fb,f3c5ef92039774e42fbb2693e3b5990c0a6906e7c4217663b907cd0edac7d5fb,source-tree-c660347,unchanged
releases/development_v1/fov/567_N.png,f3c5ef92039774e42fbb2693e3b5990c0a6906e7c4217663b907cd0edac7d5fb,f3c5ef92039774e42fbb2693e3b5990c0a6906e7c4217663b907cd0edac7d5fb,source-tree-c660347,unchanged
releases/development_v1/fov/568_N.png,f3c5ef92039774e42fbb2693e3b5990c0a6906e7c4217663b907cd0edac7d5fb,f3c5ef92039774e42fbb2693e3b5990c0a6906e7c4217663b907cd0edac7d5fb,source-tree-c660347,unchanged
releases/development_v1/fov/569_N.png,f3c5ef92039774e42fbb2693e3b5990c0a6906e7c4217663b907cd0edac7d5fb,f3c5ef92039774e42fbb2693e3b5990c0a6906e7c4217663b907cd0edac7d5fb,source-tree-c660347,unchanged
releases/development_v1/fov/56_A.png,dab9c0d12126ddb4ec792ca0cedee1f823c3f8f0d013b02ec825b84d5d734bc9,dab9c0d12126ddb4ec792ca0cedee1f823c3f8f0d013b02ec825b84d5d734bc9,source-tree-c660347,unchanged
releases/development_v1/fov/570_N.png,f3c5ef92039774e42fbb2693e3b5990c0a6906e7c4217663b907cd0edac7d5fb,f3c5ef92039774e42fbb2693e3b5990c0a6906e7c4217663b907cd0edac7d5fb,source-tree-c660347,unchanged
releases/development_v1/fov/571_N.png,f3c5ef92039774e42fbb2693e3b5990c0a6906e7c4217663b907cd0edac7d5fb,f3c5ef92039774e42fbb2693e3b5990c0a6906e7c4217663b907cd0edac7d5fb,source-tree-c660347,unchanged
releases/development_v1/fov/572_N.png,f3c5ef92039774e42fbb2693e3b5990c0a6906e7c4217663b907cd0edac7d5fb,f3c5ef92039774e42fbb2693e3b5990c0a6906e7c4217663b907cd0edac7d5fb,source-tree-c660347,unchanged
releases/development_v1/fov/573_N.png,f3c5ef92039774e42fbb2693e3b5990c0a6906e7c4217663b907cd0edac7d5fb,f3c5ef92039774e42fbb2693e3b5990c0a6906e7c4217663b907cd0edac7d5fb,source-tree-c660347,unchanged
releases/development_v1/fov/574_N.png,f3c5ef92039774e42fbb2693e3b5990c0a6906e7c4217663b907cd0edac7d5fb,f3c5ef92039774e42fbb2693e3b5990c0a6906e7c4217663b907cd0edac7d5fb,source-tree-c660347,unchanged
releases/development_v1/fov/575_N.png,f3c5ef92039774e42fbb2693e3b5990c0a6906e7c4217663b907cd0edac7d5fb,f3c5ef92039774e42fbb2693e3b5990c0a6906e7c4217663b907cd0edac7d5fb,source-tree-c660347,unchanged
releases/development_v1/fov/576_N.png,f3c5ef92039774e42fbb2693e3b5990c0a6906e7c4217663b907cd0edac7d5fb,f3c5ef92039774e42fbb2693e3b5990c0a6906e7c4217663b907cd0edac7d5fb,source-tree-c660347,unchanged
releases/development_v1/fov/577_N.png,f3c5ef92039774e42fbb2693e3b5990c0a6906e7c4217663b907cd0edac7d5fb,f3c5ef92039774e42fbb2693e3b5990c0a6906e7c4217663b907cd0edac7d5fb,source-tree-c660347,unchanged
releases/development_v1/fov/578_N.png,f3c5ef92039774e42fbb2693e3b5990c0a6906e7c4217663b907cd0edac7d5fb,f3c5ef92039774e42fbb2693e3b5990c0a6906e7c4217663b907cd0edac7d5fb,source-tree-c660347,unchanged
releases/development_v1/fov/579_N.png,f3c5ef92039774e42fbb2693e3b5990c0a6906e7c4217663b907cd0edac7d5fb,f3c5ef92039774e42fbb2693e3b5990c0a6906e7c4217663b907cd0edac7d5fb,source-tree-c660347,unchanged
releases/development_v1/fov/57_A.png,4aa7d6abf4eef43a0f8f662df868a632307cbc83dac6bcff97fbb5638d8c391c,4aa7d6abf4eef43a0f8f662df868a632307cbc83dac6bcff97fbb5638d8c391c,source-tree-c660347,unchanged
releases/development_v1/fov/580_N.png,f3c5ef92039774e42fbb2693e3b5990c0a6906e7c4217663b907cd0edac7d5fb,f3c5ef92039774e42fbb2693e3b5990c0a6906e7c4217663b907cd0edac7d5fb,source-tree-c660347,unchanged
releases/development_v1/fov/581_N.png,52acb76db0b34ebc675a3adf90d18d45e1c5732a0c887b31ed7a328df804c05e,52acb76db0b34ebc675a3adf90d18d45e1c5732a0c887b31ed7a328df804c05e,source-tree-c660347,unchanged
releases/development_v1/fov/582_N.png,f3c5ef92039774e42fbb2693e3b5990c0a6906e7c4217663b907cd0edac7d5fb,f3c5ef92039774e42fbb2693e3b5990c0a6906e7c4217663b907cd0edac7d5fb,source-tree-c660347,unchanged
releases/development_v1/fov/583_N.png,f3c5ef92039774e42fbb2693e3b5990c0a6906e7c4217663b907cd0edac7d5fb,f3c5ef92039774e42fbb2693e3b5990c0a6906e7c4217663b907cd0edac7d5fb,source-tree-c660347,unchanged
releases/development_v1/fov/584_N.png,f3c5ef92039774e42fbb2693e3b5990c0a6906e7c4217663b907cd0edac7d5fb,f3c5ef92039774e42fbb2693e3b5990c0a6906e7c4217663b907cd0edac7d5fb,source-tree-c660347,unchanged
releases/development_v1/fov/585_N.png,f3c5ef92039774e42fbb2693e3b5990c0a6906e7c4217663b907cd0edac7d5fb,f3c5ef92039774e42fbb2693e3b5990c0a6906e7c4217663b907cd0edac7d5fb,source-tree-c660347,unchanged
releases/development_v1/fov/586_N.png,f3c5ef92039774e42fbb2693e3b5990c0a6906e7c4217663b907cd0edac7d5fb,f3c5ef92039774e42fbb2693e3b5990c0a6906e7c4217663b907cd0edac7d5fb,source-tree-c660347,unchanged
releases/development_v1/fov/587_N.png,e1723e80ef81d74a36c0c80132f46726ca26a523a57b3cbdedb84b3e80749a47,e1723e80ef81d74a36c0c80132f46726ca26a523a57b3cbdedb84b3e80749a47,source-tree-c660347,unchanged
releases/development_v1/fov/588_N.png,9cfbdc39dee6f7ef90ad4b13122c05ea48f4bcd46be07901dfd2cc3485b79a06,9cfbdc39dee6f7ef90ad4b13122c05ea48f4bcd46be07901dfd2cc3485b79a06,source-tree-c660347,unchanged
releases/development_v1/fov/589_N.png,f3c5ef92039774e42fbb2693e3b5990c0a6906e7c4217663b907cd0edac7d5fb,f3c5ef92039774e42fbb2693e3b5990c0a6906e7c4217663b907cd0edac7d5fb,source-tree-c660347,unchanged
releases/development_v1/fov/58_A.png,b6dca92d0c266b7e62aa7bf23fc92778808f2d0d28563c434ec614b20dcb73dd,b6dca92d0c266b7e62aa7bf23fc92778808f2d0d28563c434ec614b20dcb73dd,source-tree-c660347,unchanged
releases/development_v1/fov/590_N.png,f3c5ef92039774e42fbb2693e3b5990c0a6906e7c4217663b907cd0edac7d5fb,f3c5ef92039774e42fbb2693e3b5990c0a6906e7c4217663b907cd0edac7d5fb,source-tree-c660347,unchanged
releases/development_v1/fov/591_N.png,f3c5ef92039774e42fbb2693e3b5990c0a6906e7c4217663b907cd0edac7d5fb,f3c5ef92039774e42fbb2693e3b5990c0a6906e7c4217663b907cd0edac7d5fb,source-tree-c660347,unchanged
releases/development_v1/fov/592_N.png,f3c5ef92039774e42fbb2693e3b5990c0a6906e7c4217663b907cd0edac7d5fb,f3c5ef92039774e42fbb2693e3b5990c0a6906e7c4217663b907cd0edac7d5fb,source-tree-c660347,unchanged
releases/development_v1/fov/593_N.png,f3c5ef92039774e42fbb2693e3b5990c0a6906e7c4217663b907cd0edac7d5fb,f3c5ef92039774e42fbb2693e3b5990c0a6906e7c4217663b907cd0edac7d5fb,source-tree-c660347,unchanged
releases/development_v1/fov/594_N.png,f3c5ef92039774e42fbb2693e3b5990c0a6906e7c4217663b907cd0edac7d5fb,f3c5ef92039774e42fbb2693e3b5990c0a6906e7c4217663b907cd0edac7d5fb,source-tree-c660347,unchanged
releases/development_v1/fov/595_N.png,f3c5ef92039774e42fbb2693e3b5990c0a6906e7c4217663b907cd0edac7d5fb,f3c5ef92039774e42fbb2693e3b5990c0a6906e7c4217663b907cd0edac7d5fb,source-tree-c660347,unchanged
releases/development_v1/fov/596_N.png,f3c5ef92039774e42fbb2693e3b5990c0a6906e7c4217663b907cd0edac7d5fb,f3c5ef92039774e42fbb2693e3b5990c0a6906e7c4217663b907cd0edac7d5fb,source-tree-c660347,unchanged
releases/development_v1/fov/597_N.png,f3c5ef92039774e42fbb2693e3b5990c0a6906e7c4217663b907cd0edac7d5fb,f3c5ef92039774e42fbb2693e3b5990c0a6906e7c4217663b907cd0edac7d5fb,source-tree-c660347,unchanged
releases/development_v1/fov/598_N.png,f3c5ef92039774e42fbb2693e3b5990c0a6906e7c4217663b907cd0edac7d5fb,f3c5ef92039774e42fbb2693e3b5990c0a6906e7c4217663b907cd0edac7d5fb,source-tree-c660347,unchanged
releases/development_v1/fov/599_N.png,f3c5ef92039774e42fbb2693e3b5990c0a6906e7c4217663b907cd0edac7d5fb,f3c5ef92039774e42fbb2693e3b5990c0a6906e7c4217663b907cd0edac7d5fb,source-tree-c660347,unchanged
releases/development_v1/fov/59_A.png,c03f67711bf9848e1380160677df9edfd7ab853f9b6a4f6712cc5f5b91e23b69,c03f67711bf9848e1380160677df9edfd7ab853f9b6a4f6712cc5f5b91e23b69,source-tree-c660347,unchanged
releases/development_v1/fov/5_A.png,c4fc30af906f2d2fbe96a2585f9bdc1f27cdd21195db066e04dcfbad52c12a0c,c4fc30af906f2d2fbe96a2585f9bdc1f27cdd21195db066e04dcfbad52c12a0c,source-tree-c660347,unchanged
releases/development_v1/fov/600_N.png,f3c5ef92039774e42fbb2693e3b5990c0a6906e7c4217663b907cd0edac7d5fb,f3c5ef92039774e42fbb2693e3b5990c0a6906e7c4217663b907cd0edac7d5fb,source-tree-c660347,unchanged
releases/development_v1/fov/60_A.png,8b4334fa0221fecc560683c922e2e1f996171f059ec72052268dc948a7fce8bb,8b4334fa0221fecc560683c922e2e1f996171f059ec72052268dc948a7fce8bb,source-tree-c660347,unchanged
releases/development_v1/fov/61_A.png,168434d85343295e3ad586db211dabf474f8a67cc18a062bb3d2ced141ed2e14,168434d85343295e3ad586db211dabf474f8a67cc18a062bb3d2ced141ed2e14,source-tree-c660347,unchanged
releases/development_v1/fov/62_A.png,66e4b747984b6d30752d432502fe40fe7ac9bcd519fe3a3d3e20e0d8d294d754,66e4b747984b6d30752d432502fe40fe7ac9bcd519fe3a3d3e20e0d8d294d754,source-tree-c660347,unchanged
releases/development_v1/fov/63_A.png,5336f00a2f1ca950991f8fa2129eed230118983b7a0c4cf3d74fecad3dbb9f5c,5336f00a2f1ca950991f8fa2129eed230118983b7a0c4cf3d74fecad3dbb9f5c,source-tree-c660347,unchanged
releases/development_v1/fov/64_A.png,5b9e3408f1bc8808997b354d6b17fe3e733b898333ae3b8b1dea5536be1ae2dc,5b9e3408f1bc8808997b354d6b17fe3e733b898333ae3b8b1dea5536be1ae2dc,source-tree-c660347,unchanged
releases/development_v1/fov/65_A.png,93cf4e480a60a2f47d2c6bb41bb949b4f3e2fd4c4931cbc3db5160518843e29a,93cf4e480a60a2f47d2c6bb41bb949b4f3e2fd4c4931cbc3db5160518843e29a,source-tree-c660347,unchanged
releases/development_v1/fov/66_A.png,197b2e169d2c971d8afc74435c7fc3aba5f5567c40ae7644ab648b3fe64b6bcf,197b2e169d2c971d8afc74435c7fc3aba5f5567c40ae7644ab648b3fe64b6bcf,source-tree-c660347,unchanged
releases/development_v1/fov/67_A.png,85e9841d4e8008b18d2debff54fbaadbf707048597745d7acf832632f16b240e,85e9841d4e8008b18d2debff54fbaadbf707048597745d7acf832632f16b240e,source-tree-c660347,unchanged
releases/development_v1/fov/68_A.png,7966e87495cf5128705213a65d995d3140117a4a14fba857542a5925eefb704f,7966e87495cf5128705213a65d995d3140117a4a14fba857542a5925eefb704f,source-tree-c660347,unchanged
releases/development_v1/fov/69_A.png,3fb4ea5ac5203b8b3a0c4f8619297ece2468767ae620b9394781dbcc8f01c1b9,3fb4ea5ac5203b8b3a0c4f8619297ece2468767ae620b9394781dbcc8f01c1b9,source-tree-c660347,unchanged
releases/development_v1/fov/6_A.png,9c3f2cca559787cc6b66ba232cf9798b264756caf70ed60a22863c017384dac8,9c3f2cca559787cc6b66ba232cf9798b264756caf70ed60a22863c017384dac8,source-tree-c660347,unchanged
releases/development_v1/fov/70_A.png,13a55ee9a66530f8462fe2e2579c0426911ef38c8a92b4a53858b7f535a057b7,13a55ee9a66530f8462fe2e2579c0426911ef38c8a92b4a53858b7f535a057b7,source-tree-c660347,unchanged
releases/development_v1/fov/71_A.png,fe0bac25ec21ac859425c1d5b8b8475c0e1f1016a30478ecf8caba2b7e5bb9a2,fe0bac25ec21ac859425c1d5b8b8475c0e1f1016a30478ecf8caba2b7e5bb9a2,source-tree-c660347,unchanged
releases/development_v1/fov/72_A.png,8f6df5958ea99ab7a7b7a865b0a0e4428f88dd7576d37f4665c81eb2631c6a14,8f6df5958ea99ab7a7b7a865b0a0e4428f88dd7576d37f4665c81eb2631c6a14,source-tree-c660347,unchanged
releases/development_v1/fov/73_A.png,ede351dba537137a6d1dc9744ea9862e854ca978cbe9dde29dc3c286f728fb5a,ede351dba537137a6d1dc9744ea9862e854ca978cbe9dde29dc3c286f728fb5a,source-tree-c660347,unchanged
releases/development_v1/fov/74_A.png,a3072f43955e78fdfb2763c65a67a0f66ae6d522d21c244c3cadfbce8fadd266,a3072f43955e78fdfb2763c65a67a0f66ae6d522d21c244c3cadfbce8fadd266,source-tree-c660347,unchanged
releases/development_v1/fov/75_A.png,8e769f4e1b1aac990fda8f495f2c00caf6bcf1a3e374b324a65a274fa30c32af,8e769f4e1b1aac990fda8f495f2c00caf6bcf1a3e374b324a65a274fa30c32af,source-tree-c660347,unchanged
releases/development_v1/fov/76_A.png,fa1d470b95a36f96652d3b79ba9779d824a3ca53e8abe9004625d2ebc0cbed81,fa1d470b95a36f96652d3b79ba9779d824a3ca53e8abe9004625d2ebc0cbed81,source-tree-c660347,unchanged
releases/development_v1/fov/77_A.png,c73adb5bf02c71ab4637955a0c819be20410e05ae47d556138ca020e4ed81aca,c73adb5bf02c71ab4637955a0c819be20410e05ae47d556138ca020e4ed81aca,source-tree-c660347,unchanged
releases/development_v1/fov/78_A.png,154369b68a86fe99e0a0f6620e4c9058876af0ff17a11eb9b4f366184485dec1,154369b68a86fe99e0a0f6620e4c9058876af0ff17a11eb9b4f366184485dec1,source-tree-c660347,unchanged
releases/development_v1/fov/79_A.png,f2862e3093363841b4af92a26342e89c45811c322fb32f9d01df37486945861b,f2862e3093363841b4af92a26342e89c45811c322fb32f9d01df37486945861b,source-tree-c660347,unchanged
releases/development_v1/fov/7_A.png,5a5ef75e53c4c61d0c58802a57fab1cf2dc142e119aed7a480383cb997357249,5a5ef75e53c4c61d0c58802a57fab1cf2dc142e119aed7a480383cb997357249,source-tree-c660347,unchanged
releases/development_v1/fov/80_A.png,740462f0dcd3fc653eec40ba67666190f264bb5a6feeda169a9f79617a670e93,740462f0dcd3fc653eec40ba67666190f264bb5a6feeda169a9f79617a670e93,source-tree-c660347,unchanged
releases/development_v1/fov/81_A.png,179e7253ccdb3a144cb30b1530cb77e1442bfb03f13711450e91e0b341930122,179e7253ccdb3a144cb30b1530cb77e1442bfb03f13711450e91e0b341930122,source-tree-c660347,unchanged
releases/development_v1/fov/82_A.png,dab9c0d12126ddb4ec792ca0cedee1f823c3f8f0d013b02ec825b84d5d734bc9,dab9c0d12126ddb4ec792ca0cedee1f823c3f8f0d013b02ec825b84d5d734bc9,source-tree-c660347,unchanged
releases/development_v1/fov/83_A.png,50c6901e7ff6c098a9a632b25a9bcccb7bb4b077d2b42b9488e1cded51401c64,50c6901e7ff6c098a9a632b25a9bcccb7bb4b077d2b42b9488e1cded51401c64,source-tree-c660347,unchanged
releases/development_v1/fov/84_A.png,522ae3e6b85f63bc9435ef47e4c81604271a8933fbd09f16549963201cecd1dc,522ae3e6b85f63bc9435ef47e4c81604271a8933fbd09f16549963201cecd1dc,source-tree-c660347,unchanged
releases/development_v1/fov/85_A.png,d294c2a02bcb0b83756b5e07cd2961e4e5cae6fa5b4f54c7f90d2d13f88b152a,d294c2a02bcb0b83756b5e07cd2961e4e5cae6fa5b4f54c7f90d2d13f88b152a,source-tree-c660347,unchanged
releases/development_v1/fov/86_A.png,6b5c0eef0cdd7de84bf952088648e316ea9e0dd82287118fad0b2484c726339e,6b5c0eef0cdd7de84bf952088648e316ea9e0dd82287118fad0b2484c726339e,source-tree-c660347,unchanged
releases/development_v1/fov/87_A.png,e621893ede0c84602e867bdd560e2709b6416d777a3d7c102cdd339884b54145,e621893ede0c84602e867bdd560e2709b6416d777a3d7c102cdd339884b54145,source-tree-c660347,unchanged
releases/development_v1/fov/88_A.png,52a073f9f2a1f1211ff61c885fafaa75b5eba1c6b08ebe7c3cd3ac11db8b7bba,52a073f9f2a1f1211ff61c885fafaa75b5eba1c6b08ebe7c3cd3ac11db8b7bba,source-tree-c660347,unchanged
releases/development_v1/fov/89_A.png,77d5a49ac3d73dc9520fecb4b35ca84d757e799ddca59c565decd02e83f5e4e2,77d5a49ac3d73dc9520fecb4b35ca84d757e799ddca59c565decd02e83f5e4e2,source-tree-c660347,unchanged
releases/development_v1/fov/8_A.png,4959395c86fffab882441a9453a0d95752caa9853f7cc6b4ee1f3bbb55a23f48,4959395c86fffab882441a9453a0d95752caa9853f7cc6b4ee1f3bbb55a23f48,source-tree-c660347,unchanged
releases/development_v1/fov/90_A.png,89dab9fe066dba969dc317049aa686b24c41c3df2dd747024f1a202aef637d96,89dab9fe066dba969dc317049aa686b24c41c3df2dd747024f1a202aef637d96,source-tree-c660347,unchanged
releases/development_v1/fov/91_A.png,dad2f6f8f94e490a407ffa7f4267617f6b641a243472b03e233f1aff1a682ead,dad2f6f8f94e490a407ffa7f4267617f6b641a243472b03e233f1aff1a682ead,source-tree-c660347,unchanged
releases/development_v1/fov/92_A.png,f66a583f55692eeecf4232fcf69cc2f3f59ed6029960e0ddb9d209cbe3338ab5,f66a583f55692eeecf4232fcf69cc2f3f59ed6029960e0ddb9d209cbe3338ab5,source-tree-c660347,unchanged
releases/development_v1/fov/93_A.png,aeddf153ca2c5856f37f70e334508e2296e62236c68bb73d3c9c6a653ed39a61,aeddf153ca2c5856f37f70e334508e2296e62236c68bb73d3c9c6a653ed39a61,source-tree-c660347,unchanged
releases/development_v1/fov/94_A.png,38704c80cf401c00f7bdc34c45690e42f1e9d1d9ebcb868000edc114160d7eb8,38704c80cf401c00f7bdc34c45690e42f1e9d1d9ebcb868000edc114160d7eb8,source-tree-c660347,unchanged
releases/development_v1/fov/95_A.png,dd80839629fa05a0ec8f19f0a8c1675f47eb794ea939cc104bec69cff95694b2,dd80839629fa05a0ec8f19f0a8c1675f47eb794ea939cc104bec69cff95694b2,source-tree-c660347,unchanged
releases/development_v1/fov/96_A.png,90aa23aa2f623486c4023576cc20aa10f88730cf346b7d55457cbb1f31209eda,90aa23aa2f623486c4023576cc20aa10f88730cf346b7d55457cbb1f31209eda,source-tree-c660347,unchanged
releases/development_v1/fov/97_A.png,517d5aa706bada4ede2f7c2a8641282bf8f4016ccd9f0bb5623ba60c9c9ad4ea,517d5aa706bada4ede2f7c2a8641282bf8f4016ccd9f0bb5623ba60c9c9ad4ea,source-tree-c660347,unchanged
releases/development_v1/fov/98_A.png,703f9f059c86fddfba574c0d9c1cb9540d9ee5ceb9f842821ac27080956aeb9e,703f9f059c86fddfba574c0d9c1cb9540d9ee5ceb9f842821ac27080956aeb9e,source-tree-c660347,unchanged
releases/development_v1/fov/99_A.png,da74303eb144106bc222b76cb9d69d5615c9d9c32762b42879945a7a32b747bd,da74303eb144106bc222b76cb9d69d5615c9d9c32762b42879945a7a32b747bd,source-tree-c660347,unchanged
releases/development_v1/fov/9_A.png,05e5d58efcaaaa238dc50dc5dfff445ae86a492298a73e1679eddb9836719151,05e5d58efcaaaa238dc50dc5dfff445ae86a492298a73e1679eddb9836719151,source-tree-c660347,unchanged
releases/development_v1/fov_qa.json,6938cfa35eecc2060998dc1697e12b25633e33f537c147a7d7d5e01241e19f20,6938cfa35eecc2060998dc1697e12b25633e33f537c147a7d7d5e01241e19f20,source-tree-c660347,unchanged
releases/development_v1/golden_initializations.json,2ae1029dac4c2f69bad1a57d16b09728b17e9781fb8ad7c83dc3963cdae5b67d,2ae1029dac4c2f69bad1a57d16b09728b17e9781fb8ad7c83dc3963cdae5b67d,source-tree-c660347,unchanged
releases/development_v1/golden_samples.json,d1afce38971f87fc57544f8397002b091fc370cc63a0fa346cdc95949eee74a5,d1afce38971f87fc57544f8397002b091fc370cc63a0fa346cdc95949eee74a5,source-tree-c660347,unchanged
releases/development_v1/normalization.json,c7ccde8948b08f9f38730034ef4c126c77b73af173ea8a841acdb6fd82b08f77,c7ccde8948b08f9f38730034ef4c126c77b73af173ea8a841acdb6fd82b08f77,source-tree-c660347,unchanged
releases/development_v1/release.json,d7728973660f9720633bdc7d5c15a21767799281cd2423988a6b56121e30bec8,d7728973660f9720633bdc7d5c15a21767799281cd2423988a6b56121e30bec8,source-tree-c660347,unchanged
releases/development_v1/train.csv,ff1f0c57ff75cb2127abc066d689f3a78a5fc55313783b65e3f27e127cb4fbc5,ff1f0c57ff75cb2127abc066d689f3a78a5fc55313783b65e3f27e127cb4fbc5,source-tree-c660347,unchanged
releases/development_v1/validation.csv,b4b324e953a2ba5f3fe9e90d1e48d73ec5956b0871222e510d1b234a1c3e7ea6,b4b324e953a2ba5f3fe9e90d1e48d73ec5956b0871222e510d1b234a1c3e7ea6,source-tree-c660347,unchanged
releases/development_v1_acceptance.json,5c0abd1f93bc8a87dbc7a220aff0e78836c32c18d1a928260804789ba6bf7f5f,5c0abd1f93bc8a87dbc7a220aff0e78836c32c18d1a928260804789ba6bf7f5f,source-tree-c660347,unchanged
releases/initialseal_development_v1_release.json,ac45792c44de4b876dcd56b15ee459e2ae1ef5dab758f47255f4cbdbf27fadd5,ac45792c44de4b876dcd56b15ee459e2ae1ef5dab758f47255f4cbdbf27fadd5,source-tree-c660347,unchanged
releases/initialseal_resume_acceptance.json,a32c6737ba76860c0157a36f1a05a4d6dffb7bb11ee532a313cd78b9644a7f00,a32c6737ba76860c0157a36f1a05a4d6dffb7bb11ee532a313cd78b9644a7f00,source-tree-c660347,unchanged
releases/local_review_2026-09-07/README.md,f734af973c53eb6ea65920268a87d878bb6bfb8952da97cb13515b6f51aa8688,f734af973c53eb6ea65920268a87d878bb6bfb8952da97cb13515b6f51aa8688,source-tree-c660347,unchanged
releases/local_review_2026-09-07/c1_validation118_v1/budget.json,255d1aaf68379ce2343d7d4dd6e735f2d05495b1efbaee09c476cf5ac05d18b2,255d1aaf68379ce2343d7d4dd6e735f2d05495b1efbaee09c476cf5ac05d18b2,source-tree-c660347,unchanged
releases/local_review_2026-09-07/c1_validation118_v1/images.csv,45faaf3061be9ce9a24f61693947ac7c1cd7eff20e676c67193d5e27f9d557bd,45faaf3061be9ce9a24f61693947ac7c1cd7eff20e676c67193d5e27f9d557bd,source-tree-c660347,unchanged
releases/local_review_2026-09-07/c1_validation118_v1/paths.csv,8466c1f1b397a4caf84c82b130b038b4f7cb349827611f44e7c26ce04ac16b8a,8466c1f1b397a4caf84c82b130b038b4f7cb349827611f44e7c26ce04ac16b8a,source-tree-c660347,unchanged
releases/local_review_2026-09-07/c1_validation118_v1/preparation.json,ae9778fabd74b39f7da59d1bc0a98c9320f1e96d4894d9c4590bb5dc74766ace,ae9778fabd74b39f7da59d1bc0a98c9320f1e96d4894d9c4590bb5dc74766ace,source-tree-c660347,unchanged
releases/local_review_2026-09-07/c1_validation118_v1/protocol.json,5fd143a724c4ebbe3d85a188b6db364fe6163a293cdb2e3d035e0be846d42020,5fd143a724c4ebbe3d85a188b6db364fe6163a293cdb2e3d035e0be846d42020,source-tree-c660347,unchanged
releases/local_review_2026-09-07/c1_validation118_v1/review.json,66c0b3abf9a9f02020d529f98dd7af51d7b646042d935ea86bfcd84357f289e5,66c0b3abf9a9f02020d529f98dd7af51d7b646042d935ea86bfcd84357f289e5,source-tree-c660347,unchanged
releases/local_review_2026-09-07/c1_validation118_v1/runtime.json,ca509cc53193ac0ffd1881e2f7f4e37f35ac5dc66949f68ee8670d41b3c0822e,ca509cc53193ac0ffd1881e2f7f4e37f35ac5dc66949f68ee8670d41b3c0822e,source-tree-c660347,unchanged
releases/local_review_2026-09-07/c1_validation118_v1/worker_complete.json,ee92d22cea7e7f1776d76f4292558dbb89f8d00d08f08c4e49977d254d35cd31,ee92d22cea7e7f1776d76f4292558dbb89f8d00d08f08c4e49977d254d35cd31,source-tree-c660347,unchanged
releases/local_review_2026-09-07/performance_4070_v1/acceptance.json,4bd5701d287deb12d104660eb418fb4234c4dd5aadc06737370e73fd5f411acf,4bd5701d287deb12d104660eb418fb4234c4dd5aadc06737370e73fd5f411acf,source-tree-c660347,unchanged
releases/local_review_2026-09-07/performance_4070_v1/cache_build.json,7b606518663464b3b7834ac7be4bd32e635bc1de956149bc105651d80f41fd3b,7b606518663464b3b7834ac7be4bd32e635bc1de956149bc105651d80f41fd3b,source-tree-c660347,unchanged
releases/local_review_2026-09-07/performance_4070_v1/cpu.json,7a2507609366e1fd78de6e1a520ad1aa9fe6cc44b14a4692194b665dfa253f71,7a2507609366e1fd78de6e1a520ad1aa9fe6cc44b14a4692194b665dfa253f71,source-tree-c660347,unchanged
releases/local_review_2026-09-07/performance_4070_v1/validation.json,ee1bab214825a2a490a189626ff44247d43d2a958421c9cc65e2716d553c88a5,ee1bab214825a2a490a189626ff44247d43d2a958421c9cc65e2716d553c88a5,source-tree-c660347,unchanged
releases/m0_first2500_2026-09-05/README.md,0fb9bf258c52d4593c0cac026249e02087b6f7c92e8e6fe31c846a45eaced968,0fb9bf258c52d4593c0cac026249e02087b6f7c92e8e6fe31c846a45eaced968,source-tree-c660347,unchanged
releases/m0_first2500_2026-09-05/analysis_manifest.json,198f929901f20cc1c02dc9df10c1dc18b60b68b7d04ca80bebb3166b1d8c5e13,198f929901f20cc1c02dc9df10c1dc18b60b68b7d04ca80bebb3166b1d8c5e13,source-tree-c660347,unchanged
releases/m0_first2500_2026-09-05/checkpoint_audit_2500.json,3308e766aef0bbdce1e441f098f4c90b2362c923c37b6f203e1a06d947ec8a28,3308e766aef0bbdce1e441f098f4c90b2362c923c37b6f203e1a06d947ec8a28,source-tree-c660347,unchanged
releases/m0_first2500_2026-09-05/evaluation_2500_resources.json,05795c4e7cfc84a2528a080948d75dadbfbc5e109073d3ff6132f21d27d1ef76,05795c4e7cfc84a2528a080948d75dadbfbc5e109073d3ff6132f21d27d1ef76,source-tree-c660347,unchanged
releases/m0_first2500_2026-09-05/gpuz_record_status.json,7934069f3af8ded74956fab64068aa54c9bdb0364f8d7bd41733a6255ef6d130,7934069f3af8ded74956fab64068aa54c9bdb0364f8d7bd41733a6255ef6d130,source-tree-c660347,unchanged
releases/m0_first2500_2026-09-05/resources.json,adef97f08a430920c909f739a3bf9c127334db5f23d17d20d8adb337fb79d02a,adef97f08a430920c909f739a3bf9c127334db5f23d17d20d8adb337fb79d02a,source-tree-c660347,unchanged
releases/m0_first2500_2026-09-05/summary.json,78faaabe21785bf7ca64a321f6a15adfed82e494af25a2171d94a99351332f8b,78faaabe21785bf7ca64a321f6a15adfed82e494af25a2171d94a99351332f8b,source-tree-c660347,unchanged
releases/m0_first2500_2026-09-05/telemetry.json,86baec70494f12faa77799b38e4ac0b389a3d3e360746a1aba3c24d1e5dd1bd4,86baec70494f12faa77799b38e4ac0b389a3d3e360746a1aba3c24d1e5dd1bd4,source-tree-c660347,unchanged
releases/m0_remaining7500_2026-09-06/README.md,25386f728846de2ab9a7456c3aab450419d6aac2d434c787924907856f6aaf63,25386f728846de2ab9a7456c3aab450419d6aac2d434c787924907856f6aaf63,source-tree-c660347,unchanged
releases/m0_remaining7500_2026-09-06/active_process.json,63346998762da9a7247ce2cb199db4b1f09e49e5324ac803767bb5d5160284f6,63346998762da9a7247ce2cb199db4b1f09e49e5324ac803767bb5d5160284f6,source-tree-c660347,unchanged
releases/m0_remaining7500_2026-09-06/analysis_manifest.json,b1ac231ec5fb32d78456f958dfbc819e5a8fc63f38385ac918997024f40de6a8,b1ac231ec5fb32d78456f958dfbc819e5a8fc63f38385ac918997024f40de6a8,source-tree-c660347,unchanged
releases/m0_remaining7500_2026-09-06/checkpoint_audit_10000.json,d2cbcf93493a026c00d971dea85e5785fa1a67c43d6429e01642280493e90237,d2cbcf93493a026c00d971dea85e5785fa1a67c43d6429e01642280493e90237,source-tree-c660347,unchanged
releases/m0_remaining7500_2026-09-06/evaluation_10000_resources.json,39a67d5a3758d3f380f876a9a71e15631e93939de59d71bd4a0e7790852f7415,39a67d5a3758d3f380f876a9a71e15631e93939de59d71bd4a0e7790852f7415,source-tree-c660347,unchanged
releases/m0_remaining7500_2026-09-06/evaluation_5000_resources.json,fe4b58af326325978c3d17dbe388415f5c89b6feee9a6874d374f1ca27d4eb0f,fe4b58af326325978c3d17dbe388415f5c89b6feee9a6874d374f1ca27d4eb0f,source-tree-c660347,unchanged
releases/m0_remaining7500_2026-09-06/evaluation_7500_resources.json,ee5f0e3daacfceafae9e53643a0cfa073fcd48db87149f23e8a7fc5598456240,ee5f0e3daacfceafae9e53643a0cfa073fcd48db87149f23e8a7fc5598456240,source-tree-c660347,unchanged
releases/m0_remaining7500_2026-09-06/learning_curve.csv,00aad05de024a1be1e20cc560b47a416212cce1972264b4535498d7f14131b65,00aad05de024a1be1e20cc560b47a416212cce1972264b4535498d7f14131b65,source-tree-c660347,unchanged
releases/m0_remaining7500_2026-09-06/m0_remaining7500_eval.py,0e3efaf33ff98a7f285381f9c1851bbf91a5cfc2ba0331fd33cf9e60d84a72a4,0e3efaf33ff98a7f285381f9c1851bbf91a5cfc2ba0331fd33cf9e60d84a72a4,source-tree-c660347,unchanged
releases/m0_remaining7500_2026-09-06/m0_remaining7500_resume.py,233e41a91eea74d255d9ecf33694356cfeef36e18e0d85ad8ccc8ee0473f4dc0,233e41a91eea74d255d9ecf33694356cfeef36e18e0d85ad8ccc8ee0473f4dc0,source-tree-c660347,unchanged
releases/m0_remaining7500_2026-09-06/m0_remaining7500_summary.py,237bae25716af0d977273cd47fbf484f2d450c46cdeaafe10b10fa231ad0e66b,237bae25716af0d977273cd47fbf484f2d450c46cdeaafe10b10fa231ad0e66b,source-tree-c660347,unchanged
releases/m0_remaining7500_2026-09-06/m0_remaining7500_window.py,be263c91f12af5d3a3342b5c6b3096196d5eb10c0fcd22892684021140f03f70,be263c91f12af5d3a3342b5c6b3096196d5eb10c0fcd22892684021140f03f70,source-tree-c660347,unchanged
releases/m0_remaining7500_2026-09-06/paired_descriptive_changes.json,1d5e5d39386b11df37275a2c44c8544ad8ac81c374d9cb76a0d5eb48139346cb,1d5e5d39386b11df37275a2c44c8544ad8ac81c374d9cb76a0d5eb48139346cb,source-tree-c660347,unchanged
releases/m0_remaining7500_2026-09-06/progress.json,15d8abd68a8c483fb34bab1195e9c3316b107002d109f014a46604e110924195,15d8abd68a8c483fb34bab1195e9c3316b107002d109f014a46604e110924195,source-tree-c660347,unchanged
releases/m0_remaining7500_2026-09-06/segments.json,11d9966efc5ef51bbcb911bc0a3b900b8527b519d2ca4f7ca4d3ed9d2e3e7b7b,11d9966efc5ef51bbcb911bc0a3b900b8527b519d2ca4f7ca4d3ed9d2e3e7b7b,source-tree-c660347,unchanged
releases/m0_remaining7500_2026-09-06/summary.json,2d1a7723fc7bee7d51f8d571f99439e4a821c715729948c3d04686361e0f89da,2d1a7723fc7bee7d51f8d571f99439e4a821c715729948c3d04686361e0f89da,source-tree-c660347,unchanged
releases/m0_remaining7500_2026-09-06/train_to_10000_resources.json,32f58d8844e189263dcf0b0f5d08160958d7a1381b3366792fab923b4e58d4a0,32f58d8844e189263dcf0b0f5d08160958d7a1381b3366792fab923b4e58d4a0,source-tree-c660347,unchanged
releases/m0_remaining7500_2026-09-06/train_to_5000_resources.json,ad3ec8878799f5c0edec7308df4cb57cc27e11b5ceaae6b7c5b28c57af3c776c,ad3ec8878799f5c0edec7308df4cb57cc27e11b5ceaae6b7c5b28c57af3c776c,source-tree-c660347,unchanged
releases/m0_remaining7500_2026-09-06/train_to_7500_resources.json,816c2bab60df5f868dc70b0b8eb9122b63402a2844fd6af2104c5b1785ff7186,816c2bab60df5f868dc70b0b8eb9122b63402a2844fd6af2104c5b1785ff7186,source-tree-c660347,unchanged
releases/m0_remaining7500_2026-09-06/training_10000_timing.json,8a5af166ca7232e96a03fc22d34898302c1cce7ef4d3207010966a71a9f0b101,8a5af166ca7232e96a03fc22d34898302c1cce7ef4d3207010966a71a9f0b101,source-tree-c660347,unchanged
releases/m0_remaining7500_2026-09-06/training_5000_timing.json,64035ca0e3e053f4f8daeeafbf7e77a8229a146f368687957c3a6f2906d9a2ce,64035ca0e3e053f4f8daeeafbf7e77a8229a146f368687957c3a6f2906d9a2ce,source-tree-c660347,unchanged
releases/m0_remaining7500_2026-09-06/training_7500_timing.json,0a860e11a615bd9ab675c0ffbd96021573a15e424449ef32f2fe768f76aefee3,0a860e11a615bd9ab675c0ffbd96021573a15e424449ef32f2fe768f76aefee3,source-tree-c660347,unchanged
releases/m0_remaining7500_2026-09-06/training_history.csv,080dc5bc3c56ef1c9b96c65dc95d03067a04d145d33c546c28b91459b2b40a90,080dc5bc3c56ef1c9b96c65dc95d03067a04d145d33c546c28b91459b2b40a90,source-tree-c660347,unchanged
releases/m0_remaining7500_2026-09-06/validation_curve.png,41d5ee55e253fa46a69d6f5afd5d8eddd1ec6a01075295cbf3b60f2ffde18c61,41d5ee55e253fa46a69d6f5afd5d8eddd1ec6a01075295cbf3b60f2ffde18c61,source-tree-c660347,unchanged
releases/m0_remaining7500_2026-09-06/window_result.json,5a09f0c697748735f47928727c24764458bd3aa8a04ebe32be6f0a3ea2b6e327,5a09f0c697748735f47928727c24764458bd3aa8a04ebe32be6f0a3ea2b6e327,source-tree-c660347,unchanged
releases/m1_lambda01_dev10k_2026-09-06/ACCEPTANCE.json,cb25d2a65fbaf6de5bac2dddbc3a28052915b0e3da3e6be28e314857c02ed41d,cb25d2a65fbaf6de5bac2dddbc3a28052915b0e3da3e6be28e314857c02ed41d,source-tree-c660347,unchanged
releases/m1_lambda01_dev10k_2026-09-06/ACCEPTANCE.md,4a853ab0bacbb99bff68af82b773cfce3eeed669a9bc30625a06ba2044df0a4e,4a853ab0bacbb99bff68af82b773cfce3eeed669a9bc30625a06ba2044df0a4e,source-tree-c660347,unchanged
releases/m1_lambda01_dev10k_2026-09-06/DOCUMENTATION_UPDATE.json,e8b38069eb6fc6d67d424ecbaf1bf1e08cda506d964f0e4f95a7554f45eb7c1a,e8b38069eb6fc6d67d424ecbaf1bf1e08cda506d964f0e4f95a7554f45eb7c1a,source-tree-c660347,unchanged
releases/m1_lambda01_dev10k_2026-09-06/README.md,5fe18c55be9cab0048e4c47651d921cfac4750c008b7da03e27bf4a4ab856a2a,5fe18c55be9cab0048e4c47651d921cfac4750c008b7da03e27bf4a4ab856a2a,source-tree-c660347,unchanged
releases/m1_lambda01_dev10k_2026-09-06/active_process.json,efb8624e164d0dc919e4d44981a93c552fe3200115976943bb0a2a4146b3dd79,efb8624e164d0dc919e4d44981a93c552fe3200115976943bb0a2a4146b3dd79,source-tree-c660347,unchanged
releases/m1_lambda01_dev10k_2026-09-06/comparison_10000.json,953c1ce2bdadfefdc7f4735c73402dfccc4b381128f6044531e46c0f9ca3adf8,953c1ce2bdadfefdc7f4735c73402dfccc4b381128f6044531e46c0f9ca3adf8,source-tree-c660347,unchanged
releases/m1_lambda01_dev10k_2026-09-06/comparison_2500.json,228b99bce741b4e7aa1074625542211449980257ebe3e8a1686eca4dc06ebef8,228b99bce741b4e7aa1074625542211449980257ebe3e8a1686eca4dc06ebef8,source-tree-c660347,unchanged
releases/m1_lambda01_dev10k_2026-09-06/comparison_5000.json,b37167ffb75d25a8ba1ff2c91559b007be0328b23edf2bc89ae00e7ae5eda18e,b37167ffb75d25a8ba1ff2c91559b007be0328b23edf2bc89ae00e7ae5eda18e,source-tree-c660347,unchanged
releases/m1_lambda01_dev10k_2026-09-06/comparison_7500.json,5cd47ef908709f2e6facfc8c7df3d9d11da63166dce338b92e7b6d9b18ac4b8b,5cd47ef908709f2e6facfc8c7df3d9d11da63166dce338b92e7b6d9b18ac4b8b,source-tree-c660347,unchanged
releases/m1_lambda01_dev10k_2026-09-06/documentation_backup/manifest.json,448480663128d12d93ab74b9bb58b3bcd79cef6216bc3361b0a55d7b4956d34c,448480663128d12d93ab74b9bb58b3bcd79cef6216bc3361b0a55d7b4956d34c,source-tree-c660347,unchanged
releases/m1_lambda01_dev10k_2026-09-06/documentation_backup/retinal_course_execution_spec_2026-09-04.md,caeb105fa821fa6da02d2d5513ea16185b7dd1c3b7580ef11aac9243e388452d,caeb105fa821fa6da02d2d5513ea16185b7dd1c3b7580ef11aac9243e388452d,source-tree-c660347,unchanged
releases/m1_lambda01_dev10k_2026-09-06/documentation_backup/项目粗方案与增量研究路线_2026-09-04.md,6e3f6f9249ff59e1add44585dae049de5110bcf85fad153a5cd04db9fe6568df,6e3f6f9249ff59e1add44585dae049de5110bcf85fad153a5cd04db9fe6568df,source-tree-c660347,unchanged
releases/m1_lambda01_dev10k_2026-09-06/evaluation_10000_resources.json,5a993b5d817766c94c8d8fe5164d1d01d1778bd317569847a1653a9a28e117f9,5a993b5d817766c94c8d8fe5164d1d01d1778bd317569847a1653a9a28e117f9,source-tree-c660347,unchanged
releases/m1_lambda01_dev10k_2026-09-06/evaluation_2500_resources.json,93c9bb89e99ad670afddf458a8eb790292999d03f5399e5483144d18b82df4ac,93c9bb89e99ad670afddf458a8eb790292999d03f5399e5483144d18b82df4ac,source-tree-c660347,unchanged
releases/m1_lambda01_dev10k_2026-09-06/evaluation_5000_resources.json,e831bfdc4dc68c3044cc78a544692d625329a3c9ba19c96e914541fb252ef6e4,e831bfdc4dc68c3044cc78a544692d625329a3c9ba19c96e914541fb252ef6e4,source-tree-c660347,unchanged
releases/m1_lambda01_dev10k_2026-09-06/evaluation_7500_resources.json,9311de13f054a00b8439453d60b8f469b5a8aa0f98c9d2c5e4ca476606bfc314,9311de13f054a00b8439453d60b8f469b5a8aa0f98c9d2c5e4ca476606bfc314,source-tree-c660347,unchanged
releases/m1_lambda01_dev10k_2026-09-06/input_match_10000.json,bdf0a5002ae1522ef4198e264cf0f99362c95d6aa64153a6bb07deb7b5d603c0,bdf0a5002ae1522ef4198e264cf0f99362c95d6aa64153a6bb07deb7b5d603c0,source-tree-c660347,unchanged
releases/m1_lambda01_dev10k_2026-09-06/input_match_2500.json,854632abbcd1bc2df11c57265fc2653b3337a907e5efdec925078970c70731db,854632abbcd1bc2df11c57265fc2653b3337a907e5efdec925078970c70731db,source-tree-c660347,unchanged
releases/m1_lambda01_dev10k_2026-09-06/input_match_5000.json,4e0a563f4f50ffd25aae1ea266219df6e776a1ef3046d4ad375bdfc87bd1fc3b,4e0a563f4f50ffd25aae1ea266219df6e776a1ef3046d4ad375bdfc87bd1fc3b,source-tree-c660347,unchanged
releases/m1_lambda01_dev10k_2026-09-06/input_match_7500.json,468cc9e4e3f2201bb5eec94649df6bebaa4c496d3033197b74a5b47eeceb3585,468cc9e4e3f2201bb5eec94649df6bebaa4c496d3033197b74a5b47eeceb3585,source-tree-c660347,unchanged
releases/m1_lambda01_dev10k_2026-09-06/learning_curve_comparison.csv,b4690a26a1bbb4eaf9919e044f98dcb9a6b66deee23459eef01de83e9364324a,b4690a26a1bbb4eaf9919e044f98dcb9a6b66deee23459eef01de83e9364324a,source-tree-c660347,unchanged
releases/m1_lambda01_dev10k_2026-09-06/paired_final_metrics.csv,f23fa88e0877c16fad6acabbfffc97d8a9c01fde32a247e342f7d47e49656484,f23fa88e0877c16fad6acabbfffc97d8a9c01fde32a247e342f7d47e49656484,source-tree-c660347,unchanged
releases/m1_lambda01_dev10k_2026-09-06/segments.json,4dcd8e7795fe76877de84d82fabd01bcbefd42ee2c1148ad09becd5ab901d550,4dcd8e7795fe76877de84d82fabd01bcbefd42ee2c1148ad09becd5ab901d550,source-tree-c660347,unchanged
releases/m1_lambda01_dev10k_2026-09-06/train_to_10000_resources.json,59f053a8b4c0baaef8f2cb8794c30cce0f8b47d4422cba57ec486912616409be,59f053a8b4c0baaef8f2cb8794c30cce0f8b47d4422cba57ec486912616409be,source-tree-c660347,unchanged
releases/m1_lambda01_dev10k_2026-09-06/train_to_2500_resources.json,3902bee13a52af921b95d625988a586b63a3a421a22ce0b71f3bc186761a331f,3902bee13a52af921b95d625988a586b63a3a421a22ce0b71f3bc186761a331f,source-tree-c660347,unchanged
releases/m1_lambda01_dev10k_2026-09-06/train_to_5000_resources.json,28972d65164c7bde380142ab148554c10855947dbf8d24e0115250e7d99351a6,28972d65164c7bde380142ab148554c10855947dbf8d24e0115250e7d99351a6,source-tree-c660347,unchanged
releases/m1_lambda01_dev10k_2026-09-06/train_to_7500_resources.json,ae52fc4821703b89a5e615f9376098bfb55fa1bbc3da67104d8bc0e340e33f15,ae52fc4821703b89a5e615f9376098bfb55fa1bbc3da67104d8bc0e340e33f15,source-tree-c660347,unchanged
releases/m1_lambda01_dev10k_2026-09-06/window_result.json,ed46561abdb0aeb6c3ca477bde7dd5802f0ab659acbc1b4310aac981b276f0a1,ed46561abdb0aeb6c3ca477bde7dd5802f0ab659acbc1b4310aac981b276f0a1,source-tree-c660347,unchanged
releases/m1_pretrial_v1/QA_APPROVED.json,9ed3cdb9bc512492a4b81fbe3188c4626b09881c1f15f8fc9f30b6d863bad6a0,9ed3cdb9bc512492a4b81fbe3188c4626b09881c1f15f8fc9f30b6d863bad6a0,source-tree-c660347,unchanged
releases/m1_pretrial_v1/START_HERE.md,ef37955995bb8858d9944e140ee07ade6ea7acfece1ad040b7d9408c19d94bbe,ef37955995bb8858d9944e140ee07ade6ea7acfece1ad040b7d9408c19d94bbe,source-tree-c660347,unchanged
releases/m1_pretrial_v1/acceptance.json,d89fc685cc0fa1b0459be14d147d2dfd05d3bd9471d605f5b8d3392bc33c3434,d89fc685cc0fa1b0459be14d147d2dfd05d3bd9471d605f5b8d3392bc33c3434,source-tree-c660347,unchanged
releases/m1_pretrial_v1/calibration.json,a41b46e5890b55f79124144a1d862d48a5aff9dcc7c98e424e037a08e5b64944,a41b46e5890b55f79124144a1d862d48a5aff9dcc7c98e424e037a08e5b64944,source-tree-c660347,unchanged
releases/m1_pretrial_v1/golden_samples.json,e6970c1b3bb2b076a442f29119076c4dff6a26dbfe592cfa466085a0f8156690,e6970c1b3bb2b076a442f29119076c4dff6a26dbfe592cfa466085a0f8156690,source-tree-c660347,unchanged
releases/m1_pretrial_v1/maps.json,f8435cd34acb4e70968a1f82b910ed7a0733481b0c26fe7c95f8cfeb100ed531,f8435cd34acb4e70968a1f82b910ed7a0733481b0c26fe7c95f8cfeb100ed531,source-tree-c660347,unchanged
releases/m1_pretrial_v1/release.json,669854741f80bd8bd99480ccb96855d2a6145d2e5807b69a9830dc0c258ace07,669854741f80bd8bd99480ccb96855d2a6145d2e5807b69a9830dc0c258ace07,source-tree-c660347,unchanged
releases/m1_pretrial_v1_extract_acceptance.json,a3184774106260df1b47f85db6a73507618bf7b8c167a80cc7ae2238d41e5f49,a3184774106260df1b47f85db6a73507618bf7b8c167a80cc7ae2238d41e5f49,source-tree-c660347,unchanged
releases/m1_pretrial_v1_package.json,d83ffe6cecbfb02787725f37280ad42aa648c54cc153bbadd85b363154dd8b25,d83ffe6cecbfb02787725f37280ad42aa648c54cc153bbadd85b363154dd8b25,source-tree-c660347,unchanged
releases/prefetch_round1/README.md,c68d624d8c687d89f6cd585c1cbb2c12fc6a511e2cc39618ff17cbb26741b9fd,c68d624d8c687d89f6cd585c1cbb2c12fc6a511e2cc39618ff17cbb26741b9fd,source-tree-c660347,unchanged
releases/prefetch_round1/acceptance.json,d05ca942b345c4495852e24021347bf31d6ef4108ed899cad398c81cb0eab2d6,d05ca942b345c4495852e24021347bf31d6ef4108ed899cad398c81cb0eab2d6,source-tree-c660347,unchanged
releases/prefetch_round1/cpu.json,a145ade8745283771f9e9e762dd28ff9a7f78470d5fdd9a07ddfb7b38602bde0,a145ade8745283771f9e9e762dd28ff9a7f78470d5fdd9a07ddfb7b38602bde0,source-tree-c660347,unchanged
releases/prefetch_round1/prefetch64.json,a9a701cc6c9c6abf1cc3d3511796686742eaab81735c58107a1d6ccd82023216,a9a701cc6c9c6abf1cc3d3511796686742eaab81735c58107a1d6ccd82023216,source-tree-c660347,unchanged
releases/prefetch_round1/release.json,778ccdb260b6cde6e4280d0e7629b59e1e406355c26db4a63e5645779075452b,778ccdb260b6cde6e4280d0e7629b59e1e406355c26db4a63e5645779075452b,source-tree-c660347,unchanged
releases/prefetch_round1/resume24.json,eb9648178fb14edaf4287547a666372143770529ccdadbf51fc87e118844f4ab,eb9648178fb14edaf4287547a666372143770529ccdadbf51fc87e118844f4ab,source-tree-c660347,unchanged
releases/prefetch_round1/resumed64.json,843056006a7ed28522bd2fcb710c8f65c46ca55b0a492dbf495cf8842ce7b5f3,843056006a7ed28522bd2fcb710c8f65c46ca55b0a492dbf495cf8842ce7b5f3,source-tree-c660347,unchanged
releases/prefetch_round1/runner_reference_resources.json,0fbf54bace84edb46d452a757023fd2dbc8bbea7be8be94663d9781004c12b92,0fbf54bace84edb46d452a757023fd2dbc8bbea7be8be94663d9781004c12b92,source-tree-c660347,unchanged
releases/prefetch_round1/runner_resume_resources.json,31d8e8f136af5b88d6ee3f8c39945ec9905dfaec6f039a924810e4cd3b0db32e,31d8e8f136af5b88d6ee3f8c39945ec9905dfaec6f039a924810e4cd3b0db32e,source-tree-c660347,unchanged
releases/prefetch_round1/serial64.json,4e75b35d0b100bf0876d056c76d0ef1592e88842ca562fd3f9433beb008c5f5f,4e75b35d0b100bf0876d056c76d0ef1592e88842ca562fd3f9433beb008c5f5f,source-tree-c660347,unchanged
releases/prefetch_round1_package.json,bef82bb401ddc5ae51c1bb37ba7023a26f55691805ba4007de5b389b3f077465,bef82bb401ddc5ae51c1bb37ba7023a26f55691805ba4007de5b389b3f077465,source-tree-c660347,unchanged
releases/prefetch_round1_relocation_acceptance.json,4e1c6cb78c9ab5c4346a65bd709eae3b4996958b43821714fecab267d0329477,4e1c6cb78c9ab5c4346a65bd709eae3b4996958b43821714fecab267d0329477,source-tree-c660347,unchanged
releases/stale_result_acceptance.json,eda382d523d3ae24ce6551424111fff0013977ddc9a313fa8e1391e29d9d023e,eda382d523d3ae24ce6551424111fff0013977ddc9a313fa8e1391e29d9d023e,source-tree-c660347,unchanged
releases/verify_development_exchange.py,d13a7e317641707717e35ad6b8fb61703abae056003e6bb03d15f780e2a7b2f5,d13a7e317641707717e35ad6b8fb61703abae056003e6bb03d15f780e2a7b2f5,source-tree-c660347,unchanged
retinal_batchstudy/__init__.py,fa5413a56194d7c54e158bdd4d2dc851c70a57298a29a782f530ee92702c61f9,fa5413a56194d7c54e158bdd4d2dc851c70a57298a29a782f530ee92702c61f9,source-tree-c660347,unchanged
retinal_batchstudy/compare_gpu.py,9907163e2b3b782cb3d32082ceb8724bb7bcd6df6352bff2cce0c3f8fa765424,9907163e2b3b782cb3d32082ceb8724bb7bcd6df6352bff2cce0c3f8fa765424,source-tree-c660347,unchanged
retinal_batchstudy/run.py,7a0cb3197a7bf91b9cd60bd6d8327baeef3f2eedc1c8470bc3dc050546c6c542,7a0cb3197a7bf91b9cd60bd6d8327baeef3f2eedc1c8470bc3dc050546c6c542,source-tree-c660347,unchanged
retinal_batchstudy/summarize.py,ccfc0c11601cd0ccc698bddbb603ff640e5afa996837c27c5bcdd1e8e815544d,ccfc0c11601cd0ccc698bddbb603ff640e5afa996837c27c5bcdd1e8e815544d,source-tree-c660347,unchanged
retinal_c1/__init__.py,0932c80456e59461a09c624c5f7f939d4766f72baecd9f545963310e223c9820,0932c80456e59461a09c624c5f7f939d4766f72baecd9f545963310e223c9820,source-tree-c660347,unchanged
retinal_c1/audit.py,427ff5818c5c657bdf2c51ef205d5d1c12fcf9e4cc38b63397a1385b4ce661a5,427ff5818c5c657bdf2c51ef205d5d1c12fcf9e4cc38b63397a1385b4ce661a5,source-tree-c660347,unchanged
retinal_c1/diagnostics.py,764aecdf0703e62f55df8734d94edd83d9021695ec342571d00152c23be2d26f,764aecdf0703e62f55df8734d94edd83d9021695ec342571d00152c23be2d26f,source-tree-c660347,unchanged
retinal_c1/evaluation.py,cb74d885a2f3142beece021ec5557372befc50d0312d1541f6f79330fd4c888c,cb74d885a2f3142beece021ec5557372befc50d0312d1541f6f79330fd4c888c,source-tree-c660347,unchanged
retinal_c1/geometry.py,ae8eca135ba335a5125f00a791757c0d0812cbf6f6d388b7abc08416c37ee889,ae8eca135ba335a5125f00a791757c0d0812cbf6f6d388b7abc08416c37ee889,source-tree-c660347,unchanged
retinal_c1/objectives.py,028360d0e956b49df4c21e0ef1aae9a56f84e88629b275a2dbcd4b4955b4d75b,028360d0e956b49df4c21e0ef1aae9a56f84e88629b275a2dbcd4b4955b4d75b,source-tree-c660347,unchanged
retinal_c1/pilot.py,8ef0cec73c15103ab8b6da90fb0629c76d415a1c386c55e2f765f29cb6042afe,8ef0cec73c15103ab8b6da90fb0629c76d415a1c386c55e2f765f29cb6042afe,source-tree-c660347,unchanged
retinal_c1/preflight.py,66ced88e1997aef528ce44585d28a76bab91bcdcf5f9bb1c60eeb10b4c387487,66ced88e1997aef528ce44585d28a76bab91bcdcf5f9bb1c60eeb10b4c387487,source-tree-c660347,unchanged
retinal_c1/review118.py,e422864bd9385e24a74bb5cdfb428560b9584f0ff8c1780c6965b554eef4a8d6,e422864bd9385e24a74bb5cdfb428560b9584f0ff8c1780c6965b554eef4a8d6,source-tree-c660347,unchanged
retinal_c1/test_core.py,757a417a7834203802efe63209e52ae0135ba1a534ff17b296181388ecbd4ca6,757a417a7834203802efe63209e52ae0135ba1a534ff17b296181388ecbd4ca6,source-tree-c660347,unchanged
retinal_course_execution_spec_2026-09-04.md,5d578f11acc5d1b21ee4aea8f6f6ea8cbcfb0eab482777212f4ad88352b49b74,5d578f11acc5d1b21ee4aea8f6f6ea8cbcfb0eab482777212f4ad88352b49b74,source-tree-c660347,unchanged
retinal_course_research_2026-09-04.md,09959fc6f8d8a2fdbe56482e06e6c1226d3fb78a5da61e7be173cfa83266db38,09959fc6f8d8a2fdbe56482e06e6c1226d3fb78a5da61e7be173cfa83266db38,source-tree-c660347,unchanged
retinal_data/__init__.py,9c543b29464b3932275f1a641d40ec77cf879c8b144004f4f60935ca71df5555,9c543b29464b3932275f1a641d40ec77cf879c8b144004f4f60935ca71df5555,source-tree-c660347,unchanged
retinal_data/fives.py,95e7ab84ca03567bc1cd0ca12f31aeb569bae104518f0195537de77e11b6fb3d,95e7ab84ca03567bc1cd0ca12f31aeb569bae104518f0195537de77e11b6fb3d,source-tree-c660347,unchanged
retinal_data/prepare.py,7614bce4030dd90113e7678be435e5f4a0da62a7921ec66e1270091b65aa942c,7614bce4030dd90113e7678be435e5f4a0da62a7921ec66e1270091b65aa942c,source-tree-c660347,unchanged
retinal_data/verify.py,3fdb205458da690495bbc1357b537b6b9bdc5c2d70bf6cc822a397cd104c88f9,3fdb205458da690495bbc1357b537b6b9bdc5c2d70bf6cc822a397cd104c88f9,source-tree-c660347,unchanged
retinal_m0/__init__.py,521bb07156113a29b18d9f3ed575f80d4e19f7f9335e8e22856f8bb1c824f148,521bb07156113a29b18d9f3ed575f80d4e19f7f9335e8e22856f8bb1c824f148,source-tree-c660347,unchanged
retinal_m0/inference.py,fb3d06db00cae7353768f5435fea047141731f46de66eef26e642f8d437bcdb2,fb3d06db00cae7353768f5435fea047141731f46de66eef26e642f8d437bcdb2,source-tree-c660347,unchanged
retinal_m0/model.py,73455935440847bdda286def8745a990c381033a27fa696b7668fa4d476ca893,73455935440847bdda286def8745a990c381033a27fa696b7668fa4d476ca893,source-tree-c660347,unchanged
retinal_m0/objectives.py,ba9de651fc798d74e18e3d7fca0ae7984c6ad46ad88686fcaec30976cec492a2,ba9de651fc798d74e18e3d7fca0ae7984c6ad46ad88686fcaec30976cec492a2,source-tree-c660347,unchanged
retinal_m0/run.py,30b00f78d7d426f4fd536d8b5f5fa13546ee5d9f1027f86c8624bf900f08e996,30b00f78d7d426f4fd536d8b5f5fa13546ee5d9f1027f86c8624bf900f08e996,source-tree-c660347,unchanged
retinal_m0/state.py,457acb2a886dae24bde6ea3e01329d4c1abb475680b38a82902d7b4abf9e56d8,457acb2a886dae24bde6ea3e01329d4c1abb475680b38a82902d7b4abf9e56d8,source-tree-c660347,unchanged
retinal_m1/__init__.py,858caf7e3ef4e0a24b3645dfcb2f305eb6c3c5f72cd38a4e25b2fa85fb967108,858caf7e3ef4e0a24b3645dfcb2f305eb6c3c5f72cd38a4e25b2fa85fb967108,source-tree-c660347,unchanged
retinal_m1/data.py,ba8f6e3efbb9bda20e085bbc25f27fc3538e10f19dbf5f49e28c51ba905634dd,ba8f6e3efbb9bda20e085bbc25f27fc3538e10f19dbf5f49e28c51ba905634dd,source-tree-c660347,unchanged
retinal_m1/evaluate.py,15decb525cc996005bbd95178b154ae6e5b835f81677e3b5e1fac6b703c2ea7a,15decb525cc996005bbd95178b154ae6e5b835f81677e3b5e1fac6b703c2ea7a,source-tree-c660347,unchanged
retinal_m1/inference.py,d222de1aa422d2fa8ee6d3ce72e3f31fa8e739e696ea555a95b33fa2e1946e8c,d222de1aa422d2fa8ee6d3ce72e3f31fa8e739e696ea555a95b33fa2e1946e8c,source-tree-c660347,unchanged
retinal_m1/jobs.py,dd82f92ca947da9134d49b733b907de9fb87b0145f0a46dec44f532d07189df9,dd82f92ca947da9134d49b733b907de9fb87b0145f0a46dec44f532d07189df9,source-tree-c660347,unchanged
retinal_m1/loss.py,65fad7c1d6fdf43241c77288860fc5d3334447fd28417c9030041215da0f1279,65fad7c1d6fdf43241c77288860fc5d3334447fd28417c9030041215da0f1279,source-tree-c660347,unchanged
retinal_m1/maps.py,3d41ea0c78cc0438a18de1612de9f27922c0e4b163770be3878254a33c471c24,3d41ea0c78cc0438a18de1612de9f27922c0e4b163770be3878254a33c471c24,source-tree-c660347,unchanged
retinal_m1/metrics.py,2c03da394c3a02af85ce2cf50a72c49d72a5c4d96c15c5a26a975066e102eeb8,2c03da394c3a02af85ce2cf50a72c49d72a5c4d96c15c5a26a975066e102eeb8,source-tree-c660347,unchanged
retinal_m1/preflight.py,d68ebb4d6023d3c9f926525baa3bdfbe75c3fc28372d334065a1420c911e28ed,d68ebb4d6023d3c9f926525baa3bdfbe75c3fc28372d334065a1420c911e28ed,source-tree-c660347,unchanged
retinal_m1/run.py,445189761bde71842d41cd5c0da5249f9931716f67012e49e10898ae4da93bb0,445189761bde71842d41cd5c0da5249f9931716f67012e49e10898ae4da93bb0,source-tree-c660347,unchanged
retinal_m1/transfer.py,93d331266855811f304ff66a3bb18729b561468bdd6fb3c1a0f0f09ca99034b1,93d331266855811f304ff66a3bb18729b561468bdd6fb3c1a0f0f09ca99034b1,source-tree-c660347,unchanged
retinal_m1/verify.py,6ceb8dbf38c66a2814f538beb2d39be549bcbb72d6e25aea0a9c690852edbf08,6ceb8dbf38c66a2814f538beb2d39be549bcbb72d6e25aea0a9c690852edbf08,source-tree-c660347,unchanged
retinal_prefetch/__init__.py,2714893b7dbfb2af2f6037e1f57ec120ab5a61e3eb2ac306dcc37805f2d1e2eb,2714893b7dbfb2af2f6037e1f57ec120ab5a61e3eb2ac306dcc37805f2d1e2eb,source-tree-c660347,unchanged
retinal_prefetch/benchmark.py,9eb4fa799325ea230ee330996c94ffcfc67149713e8e8ee08edb2bf4cbd75dd8,9eb4fa799325ea230ee330996c94ffcfc67149713e8e8ee08edb2bf4cbd75dd8,source-tree-c660347,unchanged
retinal_prefetch/jobs.py,f90678f233471716e1f9f6855706ab986e0c66e15be12b3a8ecf454fed770da0,f90678f233471716e1f9f6855706ab986e0c66e15be12b3a8ecf454fed770da0,source-tree-c660347,unchanged
retinal_prefetch/loader.py,9c5d5a79d3e913a00270dc97817171f3b07fac32973a478b99729be4b5ac0e37,9c5d5a79d3e913a00270dc97817171f3b07fac32973a478b99729be4b5ac0e37,source-tree-c660347,unchanged
retinal_prefetch/release.py,8144fba22ba6dd5bd117cfdaea23fc63b3c7d91e74fd5095b44747019d3910e0,8144fba22ba6dd5bd117cfdaea23fc63b3c7d91e74fd5095b44747019d3910e0,source-tree-c660347,unchanged
retinal_prefetch/resources.py,5c300a6f05ece0405b8861fc86b4be53cfe4943d548377344e98cf91e669da86,5c300a6f05ece0405b8861fc86b4be53cfe4943d548377344e98cf91e669da86,source-tree-c660347,unchanged
retinal_prefetch/run.py,b0b98ab5641a2cc1d32f293c195df44aa09a951b7095c801f65432234e89702d,b0b98ab5641a2cc1d32f293c195df44aa09a951b7095c801f65432234e89702d,source-tree-c660347,unchanged
retinal_prefetch/runner_acceptance.py,08b2f18ff5f76f568ca3470ea167c8dbe3d80f73d7bb4e2c7e34cd647d347ba2,08b2f18ff5f76f568ca3470ea167c8dbe3d80f73d7bb4e2c7e34cd647d347ba2,source-tree-c660347,unchanged
retinal_prefetch/transfer.py,71f9bba1df187522771fe6b93faef75c2ecd7a78ba33c7ecb417424d53e254c5,71f9bba1df187522771fe6b93faef75c2ecd7a78ba33c7ecb417424d53e254c5,source-tree-c660347,unchanged
retinal_release/__init__.py,ca85868d47d33c85c72c253a0116bb8f6b0bd0519e4650644f83be7b1dbc9778,ca85868d47d33c85c72c253a0116bb8f6b0bd0519e4650644f83be7b1dbc9778,source-tree-c660347,unchanged
retinal_release/common.py,e101d90eaf1911943ebc1e0fa83d5a50d027309c3929573032fea4534eb9cac4,e101d90eaf1911943ebc1e0fa83d5a50d027309c3929573032fea4534eb9cac4,source-tree-c660347,unchanged
retinal_release/data.py,6fd46481985e9fb387259c81227f1034bdbdca51b6f7174cba0c918039d3b973,6fd46481985e9fb387259c81227f1034bdbdca51b6f7174cba0c918039d3b973,source-tree-c660347,unchanged
retinal_release/exchange.py,731af264a672e3a4033c26fb26ae7166c1d6ddd9009f47b03d879ccd49f91bbc,731af264a672e3a4033c26fb26ae7166c1d6ddd9009f47b03d879ccd49f91bbc,source-tree-c660347,unchanged
retinal_release/freeze.py,63a03d50f070d4f6dd6fd3a0d6b5b074a042aa872c54d8ccd486c35430374e4e,63a03d50f070d4f6dd6fd3a0d6b5b074a042aa872c54d8ccd486c35430374e4e,source-tree-c660347,unchanged
retinal_release/qa.py,3d2a77cfe555d48519f2cb106990c5e01c2a71ecc885911842a422b812e35dd5,3d2a77cfe555d48519f2cb106990c5e01c2a71ecc885911842a422b812e35dd5,source-tree-c660347,unchanged
retinal_release/run.py,4c061c716a5fb0987438fa39354767146cd768c11bcd29d9dd1a1e8ac347c8b9,4c061c716a5fb0987438fa39354767146cd768c11bcd29d9dd1a1e8ac347c8b9,source-tree-c660347,unchanged
retinal_release/transfer.py,5c03978221d73dc6b9f2d7aa21ee3e639a70d23fd4caca436f6bf8b05e468779,5c03978221d73dc6b9f2d7aa21ee3e639a70d23fd4caca436f6bf8b05e468779,source-tree-c660347,unchanged
retinal_release/verify.py,64a377a808018a87ef8929a5ce943ffbf13b8bd24770975d04732290f1530878,64a377a808018a87ef8929a5ce943ffbf13b8bd24770975d04732290f1530878,source-tree-c660347,unchanged
tests/test_batch_study.py,dfe54f17375ba46c7829ce6d9aa8650126d9de0e0e8f6c60db1d39b41ebe06e2,dfe54f17375ba46c7829ce6d9aa8650126d9de0e0e8f6c60db1d39b41ebe06e2,source-tree-c660347,unchanged
tests/test_data_contract.py,35401f87293580cc3b741662953904bd657a0ef57f2065af7be7a1828f69e8f9,35401f87293580cc3b741662953904bd657a0ef57f2065af7be7a1828f69e8f9,source-tree-c660347,unchanged
tests/test_m0.py,ee6faddca6d41c07a0540dd4dd57f059b8c2dad458196716174ba7a90c8c3a68,ee6faddca6d41c07a0540dd4dd57f059b8c2dad458196716174ba7a90c8c3a68,source-tree-c660347,unchanged
tests/test_m1_pretrial.py,422bbb9e0a53c514cf2a76a3f491aa369c9211b485e37575b122780d143191dd,422bbb9e0a53c514cf2a76a3f491aa369c9211b485e37575b122780d143191dd,source-tree-c660347,unchanged
tests/test_prefetch.py,25c5e138a0411adf195cd88edf150f0f97bf7060a13ff9039aa3ebf2e5f85784,25c5e138a0411adf195cd88edf150f0f97bf7060a13ff9039aa3ebf2e5f85784,source-tree-c660347,unchanged
tests/test_release.py,b431a6eab861502784a1743ce10e35fb653439e7c1d4c1c7eaf82581e3b239b8,b431a6eab861502784a1743ce10e35fb653439e7c1d4c1c7eaf82581e3b239b8,source-tree-c660347,unchanged
数据集下载与验证报告_2026-09-04.md,fb735fae5053bbd354acaf11950003ede05c8afd33c2ff85ebe06d3f64b5b7a4,fb735fae5053bbd354acaf11950003ede05c8afd33c2ff85ebe06d3f64b5b7a4,source-tree-c660347,unchanged
本地部署说明.md,97734faf04b34338fc3a33186df236d8f168adc576593d6287795116fb7f0846,97734faf04b34338fc3a33186df236d8f168adc576593d6287795116fb7f0846,source-tree-c660347,unchanged
视网膜血管分割_外部数据集调研提示词.md,c4ce498a244414bec8225fd745ca5b082c1d3e90325146850332b27a91a8a4eb,c4ce498a244414bec8225fd745ca5b082c1d3e90325146850332b27a91a8a4eb,source-tree-c660347,unchanged
训练提速验收报告.md,0aec7eca218ad59e6f7ac89426329ec37c14232e37843f7d33a54065fb8a44d7,0aec7eca218ad59e6f7ac89426329ec37c14232e37843f7d33a54065fb8a44d7,source-tree-c660347,unchanged
项目全局状态与研究决策.md,86071bf29e78532229163444d13bb19fbb5dc31b54a0cbae5c73016c06986c0e,19aa2ff6958688b256521a42b642d19c4772e6fed2a3e1b7b578edb64095cbf6,source-tree-c660347,updated public documentation
项目粗方案与增量研究路线_2026-09-04.md,ce12da0551b2bed2db1609eadcc9f98054bfb3a825f0c421b0dc315bedce5aaa,ce12da0551b2bed2db1609eadcc9f98054bfb3a825f0c421b0dc315bedce5aaa,source-tree-c660347,unchanged
outputs/morphology_minimal_20260907/arithmetic_crosscheck.json,1d92b218f4c0489bbc0eb833484b7a2fb4bf7a74dedca3313d8c1e638679b8d6,1d92b218f4c0489bbc0eb833484b7a2fb4bf7a74dedca3313d8c1e638679b8d6,local-measurement-audit-20260907,unchanged
outputs/morphology_minimal_20260907/budget.json,82ce47aa5292a134edac4280d77b4a5a647267484abea05a9795450f7afec696,82ce47aa5292a134edac4280d77b4a5a647267484abea05a9795450f7afec696,local-measurement-audit-20260907,unchanged
outputs/morphology_minimal_20260907/delivery_check.json,7cf000bb3d1103dfc7dacdcc55ac5894e7abffedc0763f4d7eb9f1538e24ade8,7cf000bb3d1103dfc7dacdcc55ac5894e7abffedc0763f4d7eb9f1538e24ade8,local-measurement-audit-20260907,unchanged
outputs/morphology_minimal_20260907/disease_contrasts.csv,e2d991ffc6d7c892a99b3602d2272805a814c7d0fe69c137e04c65e2995a1398,e2d991ffc6d7c892a99b3602d2272805a814c7d0fe69c137e04c65e2995a1398,local-measurement-audit-20260907,unchanged
outputs/morphology_minimal_20260907/overview.png,c3cdfcbf11b4b76df66d8084a90205429e5cf54f6ddff3fb6f50fad29cf661bc,c3cdfcbf11b4b76df66d8084a90205429e5cf54f6ddff3fb6f50fad29cf661bc,local-measurement-audit-20260907,unchanged
outputs/morphology_minimal_20260907/paired_errors.csv,e032c7da40bb01595578f69b1ed4524b546193f8f5e1a09461ea01b28188e13b,e032c7da40bb01595578f69b1ed4524b546193f8f5e1a09461ea01b28188e13b,local-measurement-audit-20260907,unchanged
outputs/morphology_minimal_20260907/per_image_measurements.csv,13ad3e7e393c9d2fa95ca49d5d875c5eab70f60b9a8c63da47b5529ecbebc26e,13ad3e7e393c9d2fa95ca49d5d875c5eab70f60b9a8c63da47b5529ecbebc26e,local-measurement-audit-20260907,unchanged
outputs/morphology_minimal_20260907/protocol.json,e16aa901944b8d84843b94dda217faa8b2e2f1925c411670da51932b734726f0,e16aa901944b8d84843b94dda217faa8b2e2f1925c411670da51932b734726f0,local-measurement-audit-20260907,unchanged
outputs/morphology_minimal_20260907/provenance.json,54f3db44fc148e39126c999fc3bd94ec88360049d4c1e1954b1277460fbfdcf0,54f3db44fc148e39126c999fc3bd94ec88360049d4c1e1954b1277460fbfdcf0,local-measurement-audit-20260907,unchanged
outputs/morphology_minimal_20260907/run_minimal.py,15f75c53fac9c3dd32eb053e59927b027084e7b210706701e44fb999ec7d6c25,15f75c53fac9c3dd32eb053e59927b027084e7b210706701e44fb999ec7d6c25,local-measurement-audit-20260907,unchanged
outputs/morphology_minimal_20260907/subgroup_counts.csv,d46ac4f59bd01cccaa3966bfe1edf3d4518b7cf3764a4717ae1b0d9491e7245b,d46ac4f59bd01cccaa3966bfe1edf3d4518b7cf3764a4717ae1b0d9491e7245b,local-measurement-audit-20260907,unchanged
outputs/morphology_minimal_20260907/summary.json,9e422d4788abf9929984e1ee7531445bc0d62644f208f0cf526b6bc27df48fa9,9e422d4788abf9929984e1ee7531445bc0d62644f208f0cf526b6bc27df48fa9,local-measurement-audit-20260907,unchanged
outputs/morphology_minimal_20260907/synthetic_checks.json,8ade01e68e35493251f0b3f3366243cb16f1641228a1785d467d414a44dca4bf,8ade01e68e35493251f0b3f3366243cb16f1641228a1785d467d414a44dca4bf,local-measurement-audit-20260907,unchanged
outputs/morphology_minimal_20260907/verification.json,4545f416d5406267c2de16929f6b0a0afbeaa2d442abc42e9c723654ebf1ecd1,4545f416d5406267c2de16929f6b0a0afbeaa2d442abc42e9c723654ebf1ecd1,local-measurement-audit-20260907,unchanged
outputs/morphology_minimal_20260907/最小测试报告.md,860ba078c8f84aaae18e67727dc5a89bafcc2e1bbdec55f257de457eb87854fa,860ba078c8f84aaae18e67727dc5a89bafcc2e1bbdec55f257de457eb87854fa,local-measurement-audit-20260907,unchanged
docs/research/视网膜血管分割_临床痛点与AI研究问题调研_2026-09-07.md,bdae8167422ac8c664187b65cfe0f133450d378a009daf0e9b7721e4c17edb0c,bdae8167422ac8c664187b65cfe0f133450d378a009daf0e9b7721e4c17edb0c,local-research-report-20260907,unchanged
眼底血管分割_长期大纲与裁决路线.md,ad72bd8e6cc3c429991ab93096925a551b3fe6aac7347f3db24b767084cd4328,d8e2bdea360a81214bf8ac7b45b4325d7e51e1488c7e6c34336aaa4b0fc52560,source-tree-c660347,personal home path replaced with placeholder
