key,model,disease,IC,Blur,LC,quality_class,threshold,fov_pixels,gt_area,pred_area,gt_skeleton,pred_skeleton,gt_density,pred_density,signed_density_error,signed_relative_error,absolute_relative_error,gt_area_density,pred_area_density,signed_area_density_error,absolute_area_density_error,area_relative_error,dice,precision,recall,fp,fn,fp_fov,missing_gt_skeleton_fraction_d0,extra_pred_skeleton_count_d0,extra_pred_skeleton_per_gt_d0,missing_gt_skeleton_fraction_d1,extra_pred_skeleton_count_d1,extra_pred_skeleton_per_gt_d1,missing_gt_skeleton_fraction_d2,extra_pred_skeleton_count_d2,extra_pred_skeleton_per_gt_d2,average_precision_archived
train/105_A.png,M0,A,1,1,1,good,0.5,3223536,316107,301593,23801,21970,0.007383506807431343,0.00681549701942215,-0.0005680097880091924,-0.07692954077559766,0.07692954077559766,0.09806219009187427,0.09355968104590735,-0.0045025090459669135,0.0045025090459669135,-0.04591483263578472,0.9301861745183746,0.9525685277841329,0.9088315032568086,14305,28819,0.00443767341205434,0.10125624973740599,742,0.031175160707533296,0.09218100079828578,678,0.028486198058905086,0.08709718079072308,641,0.026931641527666906,0.9774092760384627
train/105_A.png,M1,A,1,1,1,good,0.5,3223536,316107,307039,23801,22377,0.007383506807431343,0.006941755885462424,-0.0004417509219689186,-0.05982941893197765,0.05982941893197765,0.09806219009187427,0.0952491301477632,-0.0028130599441110633,0.0028130599441110633,-0.02868648906857488,0.9327862170342103,0.9465605346552066,0.9194070362250757,16408,25476,0.005090062589653102,0.09121465484643503,957,0.040208394605268684,0.08461829334901895,866,0.03638502583925045,0.07911432292760809,820,0.034452333935548925,0.9780454975469179
train/154_D.png,M0,D,1,1,1,good,0.5,3241296,387351,371672,28340,24985,0.008743416213761408,0.0077083364185190125,-0.0010350797952423968,-0.11838390966831334,0.11838390966831334,0.11950497578746279,0.11466771316164892,-0.004837262625813872,0.004837262625813872,-0.04047749973538212,0.9362483086810282,0.9559961471404894,0.9172998133475839,16355,32034,0.0050458211777017585,0.12201834862385322,471,0.016619618913196896,0.11351446718419196,379,0.01337332392378264,0.10733944954128441,324,0.011432604093154553,0.9820630014646583
train/154_D.png,M1,D,1,1,1,good,0.5,3241296,387351,372442,28340,25282,0.008743416213761408,0.007799966433179814,-0.0009434497805815945,-0.10790402258292167,0.10790402258292167,0.11950497578746279,0.11490527245891767,-0.004599703328545125,0.004599703328545125,-0.038489638596518404,0.9388557146485951,0.9576470967291552,0.9207876060730449,15774,30683,0.0048665718897626135,0.11005645730416373,509,0.017960479887085393,0.10232886379675371,417,0.014714184897671137,0.09555398729710657,373,0.013161609033168667,0.9828645661539774
train/304_G.png,M0,G,1,1,1,good,0.5,3248364,291128,254494,22373,18688,0.006887467044949396,0.005753049842936321,-0.0011344172020130749,-0.16470745988468244,0.16470745988468244,0.08962296097358548,0.07834528396448182,-0.01127767700910366,0.01127767700910366,-0.12583468439998902,0.8892200094570967,0.9532209010821473,0.8332726498310021,11905,48539,0.0036649217883217523,0.1790551110713807,663,0.029633933759442184,0.16426049255799402,584,0.026102891878603676,0.152102981272069,530,0.02368926831448621,0.9661574557358125
train/304_G.png,M1,G,1,1,1,good,0.5,3248364,291128,264425,22373,19373,0.006887467044949396,0.005963925225128711,-0.0009235418198206851,-0.13409019800652572,0.13409019800652572,0.08962296097358548,0.08140251523536156,-0.008220445738223918,0.008220445738223918,-0.09172254128768102,0.898250931954287,0.9436059374113642,0.8570560028578494,14912,41615,0.004590618539055352,0.1498681446386269,890,0.0397800920752693,0.13547579671925983,749,0.03347785276896259,0.12559781879944576,672,0.03003620435346176,0.96775896704035
train/453_N.png,M0,N,0,1,1,poor,0.5,3239472,379333,368033,28253,25782,0.00872148300710733,0.007958704381454755,-0.0007627786256525755,-0.08745973878880119,0.08745973878880119,0.11709716892135509,0.11360894614924902,-0.003488222772106072,0.003488222772106072,-0.02978912986742519,0.9093804106689359,0.9233411134327628,0.8958355850927813,28213,39513,0.008709135315878637,0.10405974586769547,678,0.023997451598060382,0.095211128021803,576,0.020387215516936254,0.08830920610200686,518,0.0183343361766892,0.9705259054307773
train/453_N.png,M1,N,0,1,1,poor,0.5,3239472,379333,374853,28253,26381,0.00872148300710733,0.00814361105760445,-0.0005778719495028819,-0.06625845043004283,0.06625845043004283,0.11709716892135509,0.11571422750374136,-0.0013829414176137346,0.0013829414176137346,-0.011810203699651757,0.9116053599509936,0.9170528180380042,0.9062222374536357,31093,35573,0.00959816908434461,0.09397232152337805,906,0.03206739107351432,0.08469897002088274,807,0.0285633384065409,0.07836335964322373,742,0.026262697766608854,0.971093316181582
train/110_A.png,M0,A,1,1,1,good,0.5,3239288,129693,130552,11103,10811,0.0034276050786469126,0.0033374618125958542,-9.014326605105813e-05,-0.026299198414842836,0.026299198414842836,0.04003750206835576,0.0403026837996498,0.00026518173129403745,0.00026518173129403745,0.006623333564648825,0.8465023343387962,0.8437174459219315,0.849305668000586,20403,19544,0.0062986063604100655,0.16617130505268846,1529,0.13771052868594075,0.15482302080518778,1480,0.13329730703413492,0.14680716923354048,1437,0.12942447987030534,0.9168892559601409
train/110_A.png,M1,A,1,1,1,good,0.5,3239288,129693,129407,11103,11026,0.0034276050786469126,0.0034038344228731745,-2.3770655773737932e-05,-0.006935062595694858,0.006935062595694858,0.04003750206835576,0.039949211061196165,-8.829100715959804e-05,8.829100715959804e-05,-0.0022052076827585145,0.8566422230798919,0.8575888475893885,0.8556976860740364,18429,18715,0.005689213185119693,0.14770782671350086,1581,0.14239394758173465,0.1376204629379447,1524,0.13726019994596056,0.1296046113662974,1470,0.13239664955417454,0.9154619831405515
train/155_D.png,M0,D,0,0,1,poor,0.5,3253080,117785,107077,7704,7535,0.0023682171972407686,0.0023162664305827092,-5.195076665805944e-05,-0.021936656282450676,0.021936656282450676,0.03620722515277829,0.03291557539316586,-0.0032916497596124287,0.0032916497596124287,-0.09091140637602411,0.9004011349183054,0.9454224530011114,0.8594727681793097,5844,16552,0.0017964513630159727,0.08086708203530633,748,0.09709241952232607,0.06814641744548286,711,0.09228971962616822,0.05996884735202492,677,0.08787642782969886,0.9701385226375723
train/155_D.png,M1,D,0,0,1,poor,0.5,3253080,117785,107064,7704,7652,0.0023682171972407686,0.002352232345961366,-1.5984851279402904e-05,-0.006749740394600207,0.006749740394600207,0.03620722515277829,0.03291157918034601,-0.0032956459724322795,0.0032956459724322795,-0.09102177696650678,0.8901885265222438,0.9347586490323545,0.8496752557626184,6985,17706,0.0021471958882044095,0.08553997923156802,917,0.11902907580477674,0.07320872274143302,875,0.11357736240913811,0.0628245067497404,846,0.10981308411214953,0.9650359391352776
train/307_G.png,M0,G,0,1,1,poor,0.5,3243868,271656,247368,21015,17866,0.006478377048634532,0.00550762238167521,-0.0009707546669593214,-0.14984534856055198,0.14984534856055198,0.08374446802397631,0.0762571103386451,-0.007487357685331215,0.007487357685331215,-0.08940719144800778,0.9086824501371805,0.9532922609229973,0.8680610772447507,11554,35842,0.003561797212463639,0.1524625267665953,548,0.02607661194384963,0.14342136569117298,465,0.02212705210563883,0.13599809659766834,413,0.019652629074470615,0.9623987266364802
train/307_G.png,M1,G,0,1,1,poor,0.5,3243868,271656,249555,21015,17932,0.006478377048634532,0.005527968462341871,-0.0009504085862926605,-0.14670473471330003,0.14670473471330003,0.08374446802397631,0.07693130546619037,-0.006813162557785952,0.006813162557785952,-0.08135656860146656,0.9098963759398785,0.9501873334535473,0.8728833524751892,12431,34532,0.0038321534661706334,0.150939804901261,694,0.03302403045443731,0.14242207946704735,602,0.028646205091601238,0.134951225315251,535,0.025458006186057577,0.9631716724471903
train/459_N.png,M0,N,1,1,1,good,0.5,3285284,321828,289628,22410,20482,0.006821328080007695,0.006234468618238179,-0.0005868594617695152,-0.08603302097278001,0.08603302097278001,0.09796048073773835,0.08815919719573712,-0.00980128354200124,0.00980128354200124,-0.10005344469716743,0.9195690286790873,0.9706865358321709,0.8735660042010017,8490,40690,0.0025842514680618177,0.09825970548862115,625,0.027889335118250782,0.08857652833556448,578,0.02579205711735832,0.0821954484605087,532,0.023739402052655064,0.9789188185604767
train/459_N.png,M1,N,1,1,1,good,0.5,3285284,321828,293054,22410,20787,0.006821328080007695,0.006327306862968315,-0.0004940212170393793,-0.07242302543507363,0.07242302543507363,0.09796048073773835,0.08920202941359104,-0.008758451324147319,0.008758451324147319,-0.08940800676137564,0.9198773097927733,0.9650371603868229,0.8787551114259791,10246,39020,0.0031187562475572888,0.08888888888888889,807,0.036010709504685406,0.08112449799196787,735,0.03279785809906292,0.0748772869254797,697,0.03110218652387327,0.97767755490703
train/112_A.png,M0,A,1,1,1,good,0.5,3237888,457831,483627,35642,34125,0.011007792734029095,0.010539277454933587,-0.00046851527909550915,-0.04256214578306492,0.04256214578306492,0.1413980347683428,0.14936495641603414,0.007966921647691335,0.007966921647691335,0.056343934770690496,0.9452083895404787,0.9200003308334729,0.9718367694629678,38690,12894,0.011949147098355472,0.05075472756859884,873,0.02449357499579148,0.044582234442511644,746,0.020930363054822963,0.04020537568037708,643,0.018040514000336683,0.990778597791697
train/112_A.png,M1,A,1,1,1,good,0.5,3237888,457831,485715,35642,34328,0.011007792734029095,0.010601972643896267,-0.00040582009013282735,-0.03686661803490264,0.03686661803490264,0.1413980347683428,0.15000982121679318,0.008611786448450348,0.008611786448450348,0.06090456959008892,0.9456115547095743,0.9184686493108098,0.974407587079075,39601,11717,0.012230503340449082,0.047780708153302286,961,0.026962572246226363,0.042225464339823805,820,0.023006565288143203,0.03765220806913192,721,0.020228943381403963,0.9912982309708634
train/160_D.png,M0,D,1,1,1,good,0.5,3206272,342998,341364,21955,20264,0.006847516367918879,0.006320112579344485,-0.0005274037885743942,-0.0770211796857208,0.0770211796857208,0.10697719968861033,0.10646757355583057,-0.0005096261327797517,0.0005096261327797517,-0.004763876174205098,0.9285612000666315,0.9307835624143144,0.9263494247779871,23628,25262,0.007369306159926544,0.10758369391938055,862,0.03926212707811432,0.10056934639034389,768,0.03498064222272831,0.09483033477567752,730,0.033249829196082895,0.9764652046987751
train/160_D.png,M1,D,1,1,1,good,0.5,3206272,342998,344317,21955,20370,0.006847516367918879,0.006353172781348557,-0.0004943435865703222,-0.07219312229560465,0.07219312229560465,0.10697719968861033,0.10738858088147231,0.0004113811928619905,0.0004113811928619905,0.003845503472323454,0.9281275688730786,0.926349846217294,0.9299121277675089,25359,24040,0.007909185496427003,0.10922341152357094,1070,0.048736051013436574,0.10334775677522204,1001,0.04559325893873833,0.09883853336369848,960,0.043725802778410386,0.9763708702347563
train/312_G.png,M0,G,1,1,1,good,0.5,3238864,360268,366478,23310,23040,0.007196967825756191,0.007113605264067895,-8.336256168829565e-05,-0.011583011583011582,0.011583011583011582,0.11123282731229221,0.113150166231123,0.0019173389188307998,0.0019173389188307998,0.017237167886129216,0.9595952368502888,0.9514650265500249,0.967865588950448,17787,11577,0.0054917403138878326,0.0341055341055341,792,0.03397683397683398,0.02895752895752896,705,0.030244530244530245,0.024796224796224797,667,0.028614328614328614,0.9939481276887281
train/312_G.png,M1,G,1,1,1,good,0.5,3238864,360268,371386,23310,23494,0.007196967825756191,0.007253777867795622,5.6810042039431106e-05,0.007893607893607893,0.007893607893607893,0.11123282731229221,0.11466551235247914,0.0034326850401869297,0.0034326850401869297,0.03086035951014245,0.9594179762565366,0.9450571642442095,0.9742219680904216,20405,9287,0.006300048412035825,0.03028743028743029,1140,0.0489060489060489,0.024667524667524667,1049,0.045002145002145,0.02114972114972115,986,0.0422994422994423,0.9940097767721612
train/471_N.png,M0,N,1,1,1,good,0.5,3279800,370238,347606,25512,23669,0.007778523080675651,0.007216598573083725,-0.0005619245075919264,-0.07224051426779554,0.07224051426779554,0.1128843222147692,0.10598390145740594,-0.006900420757363254,0.006900420757363254,-0.06112824723556199,0.9468352455408139,0.9776586134876843,0.9178960560504325,7766,30398,0.002367827306543082,0.0741219818124804,443,0.017364377547820633,0.06769363436814048,401,0.015718093446221385,0.06259799310128566,377,0.014777359673878958,0.986749788269408
train/471_N.png,M1,N,1,1,1,good,0.5,3279800,370238,346947,25512,23775,0.007778523080675651,0.007248917616927862,-0.0005296054637477895,-0.06808560677328317,0.06808560677328317,0.1128843222147692,0.10578297457162023,-0.0071013476431489725,0.0071013476431489725,-0.0629081833847417,0.9475295774451501,0.9793340193170715,0.917725895234957,7170,30461,0.002186108909079822,0.06969269363436814,458,0.01795233615553465,0.06353872687362809,392,0.015365318281592976,0.05820790216368767,357,0.013993414863593604,0.986081315936878
train/113_A.png,M0,A,1,1,1,good,0.5,3238112,337765,347942,22361,22473,0.006905567194710992,0.006940155250961054,3.4588056250061766e-05,0.005008720540226287,0.005008720540226287,0.10430923945805456,0.10745212024784813,0.003142880789793559,0.003142880789793559,0.03013041611771498,0.9308319734230509,0.9172189617809865,0.9448551507705061,28803,18626,0.008894998072951152,0.04887974598631546,1609,0.0719556370466437,0.04476543982827244,1502,0.06717052010196324,0.04056169223201109,1430,0.06395062832610349,0.9830100099949912
train/113_A.png,M1,A,1,1,1,good,0.5,3238112,337765,351924,22361,22927,0.006905567194710992,0.007080360407546125,0.00017479321283513357,0.025311927015786415,0.025311927015786415,0.10430923945805456,0.10868184917631014,0.004372609718255576,0.004372609718255576,0.04191967788255148,0.9275920016123209,0.9089320421454632,0.9470341805693308,32049,17890,0.009897434060341334,0.0448101605473816,1987,0.08886006886990742,0.04083001654666607,1874,0.08380662761057198,0.03720763829882384,1765,0.07893206922767318,0.9822813876725579
train/161_D.png,M0,D,1,1,1,good,0.5,3247820,360434,334665,31697,26415,0.009759469428724498,0.008133147772967714,-0.0016263216557567846,-0.16664037606082593,0.16664037606082593,0.11097720932810316,0.10304296420368124,-0.00793424512442192,0.00793424512442192,-0.07149436512648641,0.9111853131712173,0.9462656686537284,0.8786130054323399,17983,43752,0.005536944781422616,0.16212890809855823,311,0.009811654099757075,0.1547149572514749,234,0.007382402120074455,0.14932012493295896,199,0.006278196674764173,0.9622723143390981
train/161_D.png,M1,D,1,1,1,good,0.5,3247820,360434,336729,31697,26719,0.009759469428724498,0.008226749019342205,-0.0015327204093822933,-0.15704956305013093,0.15704956305013093,0.11097720932810316,0.10367846740275015,-0.007298741925353006,0.007298741925353006,-0.06576793532241687,0.9138092526424954,0.945974359202801,0.8837595787300865,18192,41897,0.005601295638305078,0.15736505032021958,401,0.012651039530554941,0.15051897655929583,313,0.009874751553774805,0.14496640060573557,272,0.008581253746411333,0.963153633404876
train/316_G.png,M0,G,0,0,0,poor,0.5,3247724,29653,8348,2178,884,0.0006706234889417944,0.00027219061718298723,-0.00039843287175880707,-0.5941230486685032,0.5941230486685032,0.009130394085211675,0.0025704154663388885,-0.006559978618872786,0.006559978618872786,-0.7184770512258456,0.30209731322859923,0.6875898418782942,0.19357231983273193,2608,23913,0.0008030239022774103,0.7800734618916437,344,0.15794306703397612,0.763544536271809,326,0.14967860422405876,0.7447199265381084,316,0.14508723599632692,0.3052942038064182
train/316_G.png,M1,G,0,0,0,poor,0.5,3247724,29653,10159,2178,1038,0.0006706234889417944,0.0003196084396334171,-0.0003510150493083772,-0.5234159779614325,0.5234159779614325,0.009130394085211675,0.0031280367420384245,-0.00600235734317325,0.00600235734317325,-0.6574039726165987,0.3336180046217221,0.6537060734324245,0.22395710383435066,3518,23012,0.0010832201258481325,0.7318640955004592,433,0.19880624426078972,0.7125803489439853,418,0.1919191919191919,0.7038567493112947,397,0.182277318640955,0.31034452613286145
train/472_N.png,M0,N,1,1,1,good,0.5,3284180,401713,392767,28757,27826,0.00875621920844777,0.0084727390094331,-0.0002834801990146703,-0.03237472615363216,0.03237472615363216,0.12231759525969953,0.11959362763307736,-0.0027239676266221707,0.0027239676266221707,-0.022269630308205113,0.9527665894673245,0.9636171063251241,0.9421577096086011,14290,23236,0.004351162238366959,0.0460409639392148,658,0.02288138540181521,0.03967729596272212,605,0.021038355878568695,0.03400911082519039,567,0.019716938484542895,0.9892642331142131
train/472_N.png,M1,N,1,1,1,good,0.5,3284180,401713,394404,28757,28007,0.00875621920844777,0.008527851701185684,-0.00022836750726208674,-0.026080606461035574,0.026080606461035574,0.12231759525969953,0.12009207777892808,-0.002225517480771456,0.002225517480771456,-0.018194581703853248,0.9544752844117134,0.9633193375320737,0.9457921451384446,14467,21776,0.004405056970080812,0.04371109642869562,711,0.024724414925061725,0.03849497513648851,652,0.022672740550126927,0.03359182112181382,601,0.020899259310776505,0.9896446615569998
train/117_A.png,M0,A,1,1,1,good,0.5,3233732,368301,337455,24174,21868,0.007475573114902534,0.006762465164089047,-0.0007131079508134873,-0.09539174319516837,0.09539174319516837,0.11389348282417962,0.1043546589513293,-0.009538823872850316,0.009538823872850316,-0.08375214837863595,0.9344759378595435,0.9771851061623031,0.8953437541576048,7699,38545,0.0023808404654436423,0.09332340531149169,273,0.011293124844874658,0.08670472408372631,230,0.009514354264912716,0.08037561015967569,208,0.008604285596094979,0.9886400366682344
train/117_A.png,M1,A,1,1,1,good,0.5,3233732,368301,343956,24174,22380,0.007475573114902534,0.006920796157504704,-0.0005547769573978302,-0.07421196326631918,0.07421196326631918,0.11389348282417962,0.10636502963139803,-0.007528453192781591,0.007528453192781591,-0.06610082514030644,0.9373217813233145,0.9704933189128842,0.906342909739588,10149,34494,0.0031384790081552833,0.07930007446016381,347,0.01435426491271614,0.07375692893191031,295,0.012203193513692397,0.06871018449573922,265,0.01096219078348639,0.988072585853239
train/164_D.png,M0,D,1,1,1,good,0.5,3228972,384507,406674,27979,26953,0.008664986875079746,0.008347238687730955,-0.0003177481873487909,-0.03667035991279174,0.03667035991279174,0.11908031410616134,0.125945347311776,0.006865033205614666,0.006865033205614666,0.05765044589565339,0.9439989079616421,0.9182711459301554,0.9712098869461414,33237,11070,0.010293368911220041,0.05679259444583438,886,0.031666607098180775,0.049715858322313164,813,0.029057507416276492,0.04585582043675614,768,0.0274491582972944,0.9910823768491589
train/164_D.png,M1,D,1,1,1,good,0.5,3228972,384507,408087,27979,27388,0.008664986875079746,0.008481956486460706,-0.00018303038861904036,-0.02112298509596483,0.02112298509596483,0.11908031410616134,0.1263829478855809,0.00730263377941958,0.00730263377941958,0.06132528146431664,0.9455585078867617,0.9182404732324235,0.9745518287053292,33365,9785,0.010333010010616381,0.04860788448479217,1151,0.041137996354408665,0.042996533114121306,1055,0.03770685156724687,0.03827870903177383,996,0.035598127166803675,0.9921154586477746
train/320_G.png,M0,G,0,1,1,poor,0.5,3236504,350444,346401,27431,23287,0.008475503197277062,0.007195109290765591,-0.0012803939065114704,-0.1510699573475265,0.1510699573475265,0.10827856230055641,0.10702937490576252,-0.0012491873947938887,0.0012491873947938887,-0.011536793325039093,0.9180233767911085,0.9233807061757905,0.9127278538083118,26541,30584,0.008200515123726094,0.14337793007910757,409,0.014910138164849988,0.13499325580547555,255,0.009296051912070285,0.12868652254748278,169,0.00616091283584266,0.9696452564781063
train/320_G.png,M1,G,0,1,1,poor,0.5,3236504,350444,352506,27431,23834,0.008475503197277062,0.007364118814622197,-0.0011113843826548646,-0.13112901461849732,0.13112901461849732,0.10827856230055641,0.10891566950017674,0.000637107199620331,0.000637107199620331,0.005883964342377099,0.9189672096166157,0.916279439215219,0.9216707947632147,29512,27450,0.009118480928804662,0.1324413984178484,560,0.020414859101017098,0.12314534650577813,407,0.014837227953774927,0.11574496008165944,306,0.011155262294484342,0.9706255854264126
train/476_N.png,M0,N,1,1,1,good,0.5,3294288,422855,442945,29385,29221,0.00891998513791144,0.00887020199812524,-4.9783139786199625e-05,-0.005581078781691339,0.005581078781691339,0.12836005837983808,0.13445849300364754,0.006098434623809454,0.006098434623809454,0.047510375897175154,0.955031185031185,0.9333732178938694,0.9777181303283632,29512,9422,0.008958536715672703,0.030900119108388635,845,0.028756168112982813,0.026476093244852818,769,0.026169814531223412,0.023447337076739832,719,0.024468266122171175,0.9938417782412705
train/476_N.png,M1,N,1,1,1,good,0.5,3294288,422855,447808,29385,29475,0.00891998513791144,0.008947305153647769,2.7320015736329065e-05,0.0030627871362940277,0.0030627871362940277,0.12836005837983808,0.1359346845206005,0.007574626140762435,0.007574626140762435,0.05901077201404737,0.9535606773229137,0.9269932649707018,0.9816958531884452,32693,7740,0.009924147494086735,0.026612217117576994,988,0.03362259656287221,0.023107027394929387,895,0.030457716522035053,0.020384549940445806,821,0.02793942487663774,0.9941781168985204
train/120_A.png,M0,A,1,1,1,good,0.5,3236544,243861,239727,19104,16078,0.005902592394850804,0.004967644499812145,-0.0009349478950386585,-0.1583961474036851,0.1583961474036851,0.07534610992466038,0.0740688215578098,-0.0012772883668505665,0.0012772883668505665,-0.01695228019240469,0.8806794213255912,0.8882729104356205,0.873214659170593,26784,30918,0.008275493860117458,0.19137353433835846,1062,0.05559045226130653,0.18320770519262983,959,0.05019891122278057,0.17692629815745395,879,0.04601130653266332,0.9388720639385956
train/120_A.png,M1,A,1,1,1,good,0.5,3236544,243861,244482,19104,16443,0.005902592394850804,0.005080419113721302,-0.0008221732811295011,-0.13929020100502512,0.13929020100502512,0.07534610992466038,0.07553798125407843,0.0001918713294180459,0.0001918713294180459,0.002546532655898237,0.881802339748906,0.880682422427827,0.8829251089760151,29171,28550,0.009013008937928852,0.17441373534338359,1153,0.06035385259631491,0.16713777219430487,1024,0.05360134003350084,0.1614321608040201,968,0.05067001675041876,0.9398327080999535
train/175_D.png,M0,D,0,1,1,poor,0.5,3240488,322363,300075,22232,19889,0.00686069505580641,0.006137655809865674,-0.0007230392459407349,-0.10538862900323857,0.10538862900323857,0.09947976971369744,0.09260179331014341,-0.006877976403554032,0.006877976403554032,-0.06913944838582592,0.9095685032083517,0.9433474964592186,0.8781249709178783,17000,39288,0.005246123423385613,0.13930370636919756,864,0.0388629003238575,0.1301277437927312,790,0.035534364879453044,0.12221122706009356,746,0.03355523569629363,0.9606018886773078
train/175_D.png,M1,D,0,1,1,poor,0.5,3240488,322363,300842,22232,19966,0.00686069505580641,0.006161417663018656,-0.0006992773927877529,-0.10192515293270961,0.10192515293270961,0.09947976971369744,0.09283848605518676,-0.0066412836585106935,0.0066412836585106935,-0.06676014306852833,0.9121781757206697,0.9448049142074577,0.8817296029631192,16605,38126,0.005124228202665771,0.1344008636200072,911,0.040976970133141416,0.1248650593738755,831,0.037378553436487945,0.11690356243252968,790,0.035534364879453044,0.9617108337198976
train/325_G.png,M0,G,0,0,0,poor,0.5,3234068,118429,104540,6639,6801,0.0020528325316598165,0.0021029242427803,5.009171112048355e-05,0.024401265250790782,0.024401265250790782,0.03661920528572683,0.03232461407737871,-0.004294591208348124,0.004294591208348124,-0.11727701829788312,0.8242491108629451,0.8790032523436005,0.7759163718346013,12649,26538,0.003911173172611089,0.19686699804187377,1347,0.20289200180750114,0.17638198523874077,1333,0.20078325048953155,0.15725259828287394,1319,0.198674499171562,0.8921241762074658
train/325_G.png,M1,G,0,0,0,poor,0.5,3234068,118429,107775,6639,6952,0.0020528325316598165,0.0021496146648740844,9.67821332142676e-05,0.04714565446603404,0.04714565446603404,0.03661920528572683,0.0333249022593217,-0.0032943030264051343,0.0032943030264051343,-0.08996107372349678,0.8234956057364149,0.8641985618186036,0.7864543312871003,14636,25290,0.0045255696540703536,0.18255761409850882,1456,0.21931013706883568,0.15981322488326555,1442,0.2172013857508661,0.1424913390570869,1433,0.21584575990359994,0.8879549443510178
train/486_N.png,M0,N,1,1,1,good,0.5,3294288,431410,433554,31143,29460,0.009453636111961067,0.008942751817691713,-0.0005108842942693535,-0.05404103650900684,0.05404103650900684,0.13095697765344136,0.1316078011394268,0.0006508234859854391,0.0006508234859854391,0.004969750353492038,0.942386041499993,0.940055909990451,0.9447277531814283,25989,23845,0.007889109877460623,0.07735285617955881,908,0.02915582956041486,0.06913271040041101,830,0.026651253893330763,0.06396300934399383,776,0.024917316893041774,0.9840316726373974
train/486_N.png,M1,N,1,1,1,good,0.5,3294288,431410,438149,31143,29742,0.009453636111961067,0.009028354533665545,-0.0004252815782955224,-0.04498603217416434,0.04498603217416434,0.13095697765344136,0.1330026397206316,0.0020456620671902397,0.0020456620671902397,0.015620871097100206,0.9426916402452278,0.9354420528176488,0.95005447254352,28286,21547,0.008586377390197821,0.07064187778955143,1023,0.032848473172141415,0.0617795331214077,932,0.029926468227209967,0.05609607295379379,865,0.02777510194907363,0.9843714022278945
train/133_A.png,M0,A,1,1,1,good,0.5,3222176,344088,373745,25316,24285,0.007856802359647641,0.0075368322524902425,-0.0003199701071573992,-0.040725233054194974,0.040725233054194974,0.10678746288222617,0.11599149146415341,0.009204028581927244,0.009204028581927244,0.08619016065657623,0.9360060069681946,0.8988695500943157,0.9763432610262491,37797,8140,0.011730271717001181,0.04775635961447306,825,0.03258808658555854,0.04151524727445094,626,0.02472744509401169,0.03626165270974877,523,0.020658871859693475,0.9902254708879172
train/133_A.png,M1,A,1,1,1,good,0.5,3222176,344088,377598,25316,24459,0.007856802359647641,0.007590833027122044,-0.0002659693325255976,-0.03385210933796808,0.03385210933796808,0.10678746288222617,0.11718726723804038,0.010399804355814208,0.010399804355814208,0.09738787751970426,0.9345033712722708,0.8930370393910985,0.9800080212038781,40389,6879,0.01253469704944733,0.04364828566914204,920,0.03634065413177437,0.036735661241902355,678,0.0267814820666772,0.03195607520935377,579,0.022870911676410175,0.991244094351688
train/177_D.png,M0,D,1,1,1,good,0.5,3207184,348761,359110,24939,23880,0.007775980423948236,0.007445784214438585,-0.00033019620950965083,-0.04246361121135571,0.04246361121135571,0.10874368293181808,0.11197050122475044,0.003226818292932367,0.003226818292932367,0.029673616029315203,0.947926952792246,0.9342680515719417,0.961991163002744,23605,13256,0.007360039211969129,0.05786118128232888,1014,0.04065920846866354,0.05276875576406432,940,0.037691968402903085,0.047796623761979226,909,0.03644893540238181,0.9883877470367556
train/177_D.png,M1,D,1,1,1,good,0.5,3207184,348761,363087,24939,24448,0.007775980423948236,0.007622886619539135,-0.00015309380440910156,-0.019688038814707886,0.019688038814707886,0.10874368293181808,0.11321052986046326,0.004466846928645191,0.004466846928645191,0.04107684058710693,0.9467667254807206,0.9280888602456161,0.966211818408595,26110,11784,0.008141098234463628,0.052087092505713944,1365,0.054733549861662456,0.04627290589037251,1267,0.050803961666466176,0.041421067404466896,1195,0.04791691727815871,0.9889172622700235
train/330_G.png,M0,G,0,1,1,poor,0.5,3236528,221724,205780,16385,14731,0.0050625237909265736,0.004551482329212045,-0.0005110414617145286,-0.10094598718339945,0.10094598718339945,0.06850674550011618,0.06358047883410865,-0.004926266666007524,0.004926266666007524,-0.07190922047229889,0.8959074067143231,0.9306152201380115,0.8636954050982303,14278,30222,0.00441151752742445,0.1518462007934086,875,0.05340250228867867,0.14012816600549283,793,0.04839792493133964,0.1315227342081172,747,0.04559047909673482,0.9597207482822679
train/330_G.png,M1,G,0,1,1,poor,0.5,3236528,221724,207210,16385,14671,0.0050625237909265736,0.004532943944869317,-0.0005295798460572564,-0.10460787305462313,0.10460787305462313,0.06850674550011618,0.06402231032761033,-0.004484435172505846,0.004484435172505846,-0.065459760783677,0.8969585064368877,0.92837218280971,0.8676011618047663,14842,29356,0.004585778340246091,0.15288373512358866,893,0.05450106805004577,0.14305767470247177,817,0.04986267927982911,0.1359169972535856,768,0.046872139151663106,0.9587678413096046
train/487_N.png,M0,N,1,1,1,good,0.5,3294288,351244,351537,21626,21189,0.00656469622570947,0.0064320423715230725,-0.0001326538541863978,-0.020207158050494774,0.020207158050494774,0.10662212896990184,0.10671107079891011,8.894182900827129e-05,8.894182900827129e-05,0.0008341779503706825,0.9384658947808777,0.9380747972475159,0.9388573185591782,21769,21476,0.006608104695157193,0.06617035050402294,1259,0.05821696106538426,0.05830944233792657,1185,0.05479515398131878,0.05091094053454175,1129,0.0522056783501341,0.9853506390640758
train/487_N.png,M1,N,1,1,1,good,0.5,3294288,351244,356679,21626,21308,0.00656469622570947,0.006468165503441108,-9.65307222683627e-05,-0.014704522334227319,0.014704522334227319,0.10662212896990184,0.10827195436464572,0.0016498253947438719,0.0016498253947438719,0.01547357392581795,0.9382348080229065,0.9310864951398877,0.9454937308537654,24580,19145,0.007461399853321871,0.061268843059280494,1355,0.06265606214741515,0.05373161934708222,1281,0.05923425506334967,0.04739665217793397,1236,0.057153426431147694,0.9854726441594434
train/137_A.png,M0,A,1,1,1,good,0.5,3234092,383781,391920,26416,25406,0.008167980379036837,0.007855682522327751,-0.00031229785670908557,-0.038234403391883706,0.038234403391883706,0.11866731063927681,0.12118393663507408,0.0025166259957972747,0.0025166259957972747,0.021207407349504014,0.9529109798749776,0.9430164319248826,0.9630153655339895,22333,14194,0.006905493102855454,0.05224106602059358,718,0.027180496668685643,0.04675196850393701,659,0.024947001817080556,0.04251211387038158,622,0.02354633555420957,0.9926143184897565
train/137_A.png,M1,A,1,1,1,good,0.5,3234092,383781,396883,26416,25968,0.008167980379036837,0.00802945618120944,-0.00013852419782739637,-0.016959418534221685,0.016959418534221685,0.11866731063927681,0.1227185250141307,0.0040512143748539006,0.0040512143748539006,0.03413926171436314,0.9529349374378734,0.9372056752241844,0.9692011850508493,24922,11820,0.007706026915746367,0.04122501514233798,990,0.03747728649303452,0.03637946698970321,889,0.03365384615384615,0.03248031496062992,832,0.031496062992125984,0.9930822325100475
train/184_D.png,M0,D,1,1,1,good,0.5,3245964,321869,309221,21742,18847,0.006698164243349587,0.005806287438800923,-0.0008918768045486641,-0.13315242388004783,0.13315242388004783,0.09915975654689947,0.09526322534692314,-0.0038965311999763397,0.0038965311999763397,-0.03929548978000367,0.9223692341821293,0.9412329693002739,0.9042467587745325,18172,30820,0.005598336888517556,0.16442829546499863,1026,0.04718977095023457,0.15251586790543648,896,0.0412105602060528,0.14294913071474566,798,0.03670315518351577,0.9743923442581043
train/184_D.png,M1,D,1,1,1,good,0.5,3245964,321869,312254,21742,18923,0.006698164243349587,0.005829701130388384,-0.0008684631129612035,-0.12965688529114158,0.12965688529114158,0.09915975654689947,0.0961976164861964,-0.002962140060703076,0.002962140060703076,-0.02987240150496009,0.9273153631077883,0.9415924215542475,0.9134647946835514,18238,27853,0.00561866983121193,0.15384969184067704,1004,0.04617790451660381,0.14110937356268974,865,0.039784748413209454,0.13218655137521848,771,0.03546131910587803,0.9749303229612399
train/332_G.png,M0,G,0,1,1,poor,0.5,3242704,298542,287197,18827,17917,0.005805957003784496,0.005525327011037702,-0.000280629992746794,-0.04833483826419504,0.04833483826419504,0.09206575746660811,0.08856713409549562,-0.0034986233711125038,0.0034986233711125038,-0.038001353243429736,0.9379877385661531,0.9565141697162575,0.920165336870524,12489,23834,0.0038514153619941876,0.0730865246720136,542,0.0287884421309821,0.06453497636373294,486,0.025813990545493173,0.0584267275721039,455,0.02416741913209752,0.9870813628810371
train/332_G.png,M1,G,0,1,1,poor,0.5,3242704,298542,290801,18827,18135,0.005805957003784496,0.005592554855453967,-0.00021340214833052908,-0.03675572316354172,0.03675572316354172,0.09206575746660811,0.08967855222061588,-0.002387205245992234,0.002387205245992234,-0.025929349974207982,0.936279891336624,0.948741579293056,0.9241413268484836,14906,22647,0.004596780958113969,0.06665958463908217,698,0.03707441440484411,0.05970149253731343,658,0.03494980612949487,0.05253093960800977,633,0.033621925957401606,0.9864206168675591
train/489_N.png,M0,N,1,1,1,good,0.5,3294288,395895,402474,27506,26961,0.00834960392048297,0.008184166047412976,-0.00016543787306999265,-0.019813858794444847,0.019813858794444847,0.1201761958881555,0.12217328903848115,0.0019970931503256544,0.0019970931503256544,0.016618042662827265,0.9466174162573948,0.9388805239593117,0.9544828805617651,24599,18020,0.00746716741219954,0.05918708645386461,1408,0.05118883152766669,0.0519159456118665,1290,0.046898858430887806,0.045953610121428054,1201,0.043663200756198645,0.986727135983163
train/489_N.png,M1,N,1,1,1,good,0.5,3294288,395895,403945,27506,27084,0.00834960392048297,0.008221503402252627,-0.00012810051823034294,-0.01534210717661601,0.01534210717661601,0.1201761958881555,0.12261981951790493,0.002443623629749433,0.002443623629749433,0.02033367433284078,0.9468743748749749,0.9374395029026229,0.9565010924613849,25271,17221,0.007671156863030797,0.056642187159165275,1426,0.05184323420344652,0.048244019486657456,1309,0.04758961681087762,0.04217261688358904,1221,0.04439031484039846,0.986718665626614
train/138_A.png,M0,A,1,0,1,poor,0.5,3241592,303145,284679,17398,16755,0.00536711591094746,0.005168756586269956,-0.00019835932467750415,-0.03695827106563973,0.03695827106563973,0.09351732111875893,0.08782073746480125,-0.005696583653957685,0.005696583653957685,-0.06091474376948325,0.9086223087182558,0.938091675185033,0.8809480611588514,17624,36090,0.00543683474046086,0.11713990113806184,1326,0.07621565697206575,0.10731118519370042,1280,0.07357167490516152,0.10029888492930222,1258,0.07230716174272905,0.9725368013917991
train/138_A.png,M1,A,1,0,1,poor,0.5,3241592,303145,290761,17398,16826,0.00536711591094746,0.0051906594043914225,-0.00017645650655603789,-0.03287734222324405,0.03287734222324405,0.09351732111875893,0.0896969760537415,-0.003820345065017436,0.003820345065017436,-0.04085173761731185,0.9135317710210034,0.9329861982865653,0.8948720909135892,19485,31869,0.006010935367560137,0.10150592022071503,1356,0.07793999310265548,0.09024025750086216,1312,0.07541096677779055,0.08150362110587424,1285,0.0738590642602598,0.9732518167045758
train/187_D.png,M0,D,1,1,1,good,0.5,3226236,221907,189708,16811,12444,0.00521071614103866,0.0038571263850505667,-0.0013535897559880925,-0.25977038843614303,0.25977038843614303,0.06878201098741692,0.05880164997228969,-0.009980361015127226,0.009980361015127226,-0.14510132623125904,0.8560912503188659,0.9287431210070213,0.7939812624207438,13518,45717,0.004190022056662935,0.2538813871869609,583,0.034679674022961154,0.24055677829992267,426,0.02534055082981381,0.2287787758015585,357,0.02123609541371721,0.9282339688738148
train/187_D.png,M1,D,1,1,1,good,0.5,3226236,221907,191444,16811,12699,0.00521071614103866,0.003936165860154062,-0.0012745502808845974,-0.24460174885491642,0.24460174885491642,0.06878201098741692,0.05933973832044525,-0.009442272666971665,0.009442272666971665,-0.13727822916807492,0.8581181610785991,0.9263910072919496,0.7992176902936816,14092,44555,0.004367938365327273,0.24353102135506513,757,0.045030039854856936,0.23193147344000953,633,0.03765391707810362,0.22271131996906787,566,0.033668431384212716,0.9303761699780472
train/335_G.png,M0,G,0,1,1,poor,0.5,3244428,277048,252034,19026,16588,0.005864207804888874,0.005112765640045025,-0.0007514421648438492,-0.12814043939871755,0.12814043939871755,0.08539193965777635,0.07768210605998963,-0.007709833597786728,0.007709833597786728,-0.09028760359215732,0.9091331778438881,0.954248236349064,0.8680914498570644,11531,36545,0.003554093356363587,0.1288762745716388,674,0.035425207610638075,0.11967833491012299,581,0.030537159676232523,0.11137390938715443,529,0.02780405760538211,0.9654783294325652
train/335_G.png,M1,G,0,1,1,poor,0.5,3244428,277048,255708,19026,16932,0.005864207804888874,0.00521879357470716,-0.0006454142301817146,-0.11005991800693787,0.11005991800693787,0.08539193965777635,0.07881450905984044,-0.006577430597935907,0.006577430597935907,-0.07702636366261442,0.9109160666421401,0.9489261188543182,0.8758337905344922,13060,34400,0.004025362868277552,0.1166298749080206,845,0.04441290865131925,0.10843056869546935,744,0.039104383475244406,0.10065173972458741,682,0.035845684852307366,0.965091476357051
train/491_N.png,M0,N,1,1,1,good,0.5,3294288,410072,404470,30652,28625,0.009304590248332871,0.008689282782804661,-0.0006153074655282113,-0.06612945321675584,0.06612945321675584,0.12447970547808813,0.12277918627636684,-0.0017005192017212824,0.0017005192017212824,-0.013661015626524123,0.9384979534511418,0.9449971567730611,0.9320875358473634,22247,27849,0.006753204334290141,0.09092392013571708,938,0.030601592065770587,0.08342033146287355,846,0.027600156596633174,0.07823306798903823,779,0.025414328591935275,0.9773997938637206
train/491_N.png,M1,N,1,1,1,good,0.5,3294288,410072,409777,30652,29128,0.009304590248332871,0.0088419713151977,-0.00046261893313517214,-0.04971943103223281,0.04971943103223281,0.12447970547808813,0.12439015653761905,-8.95489404690786e-05,8.95489404690786e-05,-0.0007193858639458437,0.9404073189087259,0.9407458202876199,0.9400690610429387,24281,24576,0.007370636689931178,0.08286571838705468,1178,0.03843142372438992,0.07513375962416809,1088,0.03549523685240767,0.06991387185175518,1019,0.033244160250554614,0.9780138734793418
train/13_A.png,M0,A,1,1,1,good,0.5,3244628,285267,281866,20865,18728,0.006430629335627998,0.005772002214121311,-0.0006586271215066874,-0.10242032111190989,0.10242032111190989,0.08791978618195984,0.08687159205924377,-0.001048194122716071,0.001048194122716071,-0.011922164147973653,0.9434118628258275,0.9491034747007443,0.93778810728195,14346,17747,0.004421462183029919,0.09825065899832255,689,0.03302180685358255,0.09422477833692787,590,0.02827701893122454,0.0888569374550683,502,0.0240594296669063,0.9798423334411576
train/13_A.png,M1,A,1,1,1,good,0.5,3244628,285267,284349,20865,19037,0.006430629335627998,0.005867236552233415,-0.0005633927833945833,-0.08761083153606518,0.08761083153606518,0.08791978618195984,0.0876368569832967,-0.0002829291986631441,0.0002829291986631441,-0.003218037838235758,0.947055560237072,0.9485843101259368,0.9455317299231948,14620,15538,0.004505909460190814,0.08976755331895518,804,0.0385334291876348,0.08382458662832494,702,0.03364485981308411,0.07730649412892404,622,0.02981068775461299,0.9814833448479897
train/198_D.png,M0,D,1,1,1,good,0.5,3202344,277677,263118,18112,16942,0.005655857084685468,0.005290499708963185,-0.00036535737572228344,-0.06459805653710247,0.06459805653710247,0.0867105470243047,0.08216418973102203,-0.004546357293282671,0.004546357293282671,-0.052431422119945115,0.9208775968712728,0.9463548673978975,0.8967361358700937,14115,28674,0.004407708853264984,0.08546819787985865,705,0.03892446996466431,0.07806978798586572,626,0.03456272084805654,0.0717756183745583,578,0.031912544169611305,0.9743524155530746
train/198_D.png,M1,D,1,1,1,good,0.5,3202344,277677,265393,18112,17013,0.005655857084685468,0.005312670968515562,-0.00034318611616990555,-0.060678003533568906,0.060678003533568906,0.0867105470243047,0.08287460685048202,-0.003835940173822675,0.003835940173822675,-0.04423844970955463,0.9226692691549893,0.9440226381253461,0.902260540123957,14856,27140,0.004639101857889096,0.08348056537102473,773,0.04267888692579505,0.07569567137809187,724,0.03997349823321555,0.0690702296819788,672,0.037102473498233215,0.975728162697918
train/340_G.png,M0,G,1,1,1,good,0.5,3260008,310013,296308,26618,22777,0.008165010638010704,0.006986792670447435,-0.0011782179675632698,-0.14430084904951537,0.14430084904951537,0.09509577890606404,0.09089180149251168,-0.004203977413552359,0.004203977413552359,-0.04420782354288368,0.9102208236231303,0.9312708398018278,0.8901013828452355,20365,34070,0.0062469171854793,0.16327297317604628,1276,0.047937485911789014,0.1552708693365392,1110,0.04170110451574123,0.14862123375159667,981,0.036854759936884814,0.957461193624148
train/340_G.png,M1,G,1,1,1,good,0.5,3260008,310013,299065,26618,23541,0.008165010638010704,0.0072211479235633775,-0.0009438627144473266,-0.11559846720264483,0.11559846720264483,0.09509577890606404,0.09173750493863819,-0.0033582739674258466,0.0033582739674258466,-0.035314648095402454,0.9095813672468879,0.9262300837610553,0.8935205942976585,22062,33010,0.006767468055293116,0.15309189270418513,1683,0.06322789090089413,0.14426328048688858,1491,0.0560147268765497,0.1380268990908408,1331,0.05000375685626268,0.9579922717646788
train/505_N.png,M0,N,1,1,1,good,0.5,3294288,394898,401315,31657,29523,0.009609663757388547,0.008961875828707144,-0.0006477879286814024,-0.06741005148940203,0.06741005148940203,0.11987355082494305,0.12182146794694332,0.0019479171220002623,0.0019479171220002623,0.016249765762298113,0.936272077948991,0.9287866140064538,0.9438791789272166,28579,22162,0.008675319219206093,0.07837129228922513,659,0.020816880942603533,0.06854724073664592,564,0.017815964873487695,0.06226111128660328,508,0.016047003822219415,0.9824269196452989
train/505_N.png,M1,N,1,1,1,good,0.5,3294288,394898,402231,31657,29685,0.009609663757388547,0.009011051857032536,-0.0005986119003560102,-0.0622926998768045,0.0622926998768045,0.11987355082494305,0.12209952499599307,0.0022259741710500113,0.0022259741710500113,0.01856935208585508,0.9376625364276046,0.9291153590847051,0.9463684293159246,28512,21179,0.008654980985269048,0.07511766749849955,724,0.022870139305682786,0.0660517421107496,627,0.019806046056164515,0.05929178380768866,555,0.017531667561676723,0.9827416500635366
train/143_A.png,M0,A,0,0,1,poor,0.5,3231940,118604,113899,11822,10403,0.0036578649356114284,0.0032188097551315927,-0.00043905518047983566,-0.12003045170021993,0.12003045170021993,0.03669746344300946,0.035241681466858917,-0.0014557819761505473,0.0014557819761505473,-0.0396698256382584,0.8188281441529787,0.8357404367026927,0.802586759299855,18709,23414,0.005788783207609052,0.21781424462865842,1285,0.10869565217391304,0.20157333784469633,1198,0.10133649128743022,0.18863136525122653,1143,0.09668414819827441,0.9022001558381715
train/143_A.png,M1,A,0,0,1,poor,0.5,3231940,118604,123809,11822,11169,0.0036578649356114284,0.003455819105552702,-0.00020204583005872635,-0.05523600067670445,0.05523600067670445,0.03669746344300946,0.03830795126147144,0.0016104878184619764,0.0016104878184619764,0.043885535057839535,0.8393114230672447,0.8216688609067192,0.8577282385079761,22079,16874,0.006831500584788084,0.17535104043309085,1605,0.1357638301471832,0.16232447978345457,1478,0.12502114701404163,0.14997462358315006,1391,0.11766198612755879,0.9147529760920693
train/202_D.png,M0,D,1,1,1,good,0.5,3233460,281918,239490,20383,17429,0.006303773666598628,0.005390201208612446,-0.0009135724579861819,-0.14492469214541528,0.14492469214541528,0.08718771841927841,0.07406617060362583,-0.013121547815652583,0.013121547815652583,-0.15049766244085158,0.8543520621087517,0.9300304814397261,0.7900630679843075,16757,59185,0.005182374298738812,0.1802973065790119,900,0.044154442427513124,0.1640092233724182,845,0.04145611539027621,0.15032134621988913,815,0.03998430064269244,0.9175103081173673
train/202_D.png,M1,D,1,1,1,good,0.5,3233460,281918,247688,20383,17928,0.006303773666598628,0.005544525059843017,-0.0007592486067556116,-0.12044350684393858,0.12044350684393858,0.08718771841927841,0.07660153519759019,-0.010586183221688222,0.010586183221688222,-0.12141828474946616,0.8539064889748228,0.9129105972029328,0.8020665583609419,21571,55801,0.006671181953696659,0.16945493793847816,1259,0.06176715890693225,0.15542363734484618,1193,0.05852916646224795,0.1445322082127263,1150,0.056419565324044546,0.9150120946593286
train/350_G.png,M0,G,1,1,1,good,0.5,3250412,212301,217583,14059,14270,0.004325297839166235,0.004390212686884001,6.491484771776625e-05,0.015008179813642506,0.015008179813642506,0.06531510466980801,0.0669401294358992,0.001625024766091191,0.001625024766091191,0.024879769760858404,0.9087940002419257,0.8977631524521676,0.9200992929849601,22245,16963,0.00684374780797019,0.0847144178106551,1643,0.1168646418664201,0.07852621096806316,1596,0.1135215875951348,0.07390283803968987,1564,0.11124546553808948,0.9702266495431218
train/350_G.png,M1,G,1,1,1,good,0.5,3250412,212301,220539,14059,14642,0.004325297839166235,0.00450465971698357,0.00017936187781733516,0.041468098726794224,0.041468098726794224,0.06531510466980801,0.06784955261056137,0.0025344479407533567,0.0025344479407533567,0.03880339706360309,0.9112374087422604,0.8942182561814463,0.9289169622375778,23329,15091,0.007177243992453879,0.0721957464969059,1804,0.1283163809659293,0.06565189558290063,1760,0.125186713137492,0.06138416672594068,1725,0.12269720463759869,0.9730853914543295
train/511_N.png,M0,N,1,1,1,good,0.5,3294288,365531,356542,26176,25114,0.007945874799046106,0.007623498613357423,-0.00032237618568868294,-0.040571515892420536,0.040571515892420536,0.11095902969017887,0.10823036722958042,-0.0027286624605984662,0.0027286624605984662,-0.02459162150405848,0.9521613465674523,0.9641641096981561,0.9404537508446617,12777,21766,0.003878531567367516,0.05237622249388753,529,0.02020935207823961,0.0461109413202934,485,0.018528422982885085,0.04030409535452323,448,0.017114914425427872,0.9902316723802691
train/511_N.png,M1,N,1,1,1,good,0.5,3294288,365531,358397,26176,25576,0.007945874799046106,0.007763741360803913,-0.00018213343824219377,-0.022921760391198046,0.022921760391198046,0.11095902969017887,0.1087934631094792,-0.002165566580699684,0.002165566580699684,-0.019516812527528446,0.9525919704722017,0.9620727852074654,0.9432961910207343,13593,20727,0.004126233043376899,0.04271088019559902,707,0.02700947432762836,0.03686583129584352,663,0.02532854523227384,0.032319682151589244,618,0.023609413202933985,0.9904589439402063
train/144_A.png,M0,A,1,1,1,good,0.5,3222912,183845,180532,12766,12452,0.003961014138766432,0.003863586719091306,-9.74274196751261e-05,-0.024596584678051075,0.024596584678051075,0.05704313366297311,0.05601518130187855,-0.0010279523610945628,0.0010279523610945628,-0.018020615192145557,0.8392736094758999,0.8469744975959941,0.8317114960972558,27626,30939,0.008571751260971445,0.17891273695754348,2115,0.16567444775184081,0.16731944226852577,2054,0.16089613034623218,0.15768447438508537,2016,0.15791947360175465,0.923699830730738
train/144_A.png,M1,A,1,1,1,good,0.5,3222912,183845,181574,12766,12545,0.003961014138766432,0.003892442610905914,-6.857152786051869e-05,-0.017311608961303463,0.017311608961303463,0.05704313366297311,0.05633849140156479,-0.0007046422614083164,0.0007046422614083164,-0.012352797193287824,0.8542796077926983,0.8596219723088108,0.8490032364219859,25489,27760,0.007908686306048691,0.15823280589064703,1956,0.15321948926836912,0.1479711734294219,1906,0.14930283565721447,0.13817953940153532,1867,0.14624784584051387,0.9310235918432371
train/203_D.png,M0,D,1,1,1,good,0.5,3206368,387684,385843,26480,25416,0.008258565454745057,0.007926725815626902,-0.0003318396391181549,-0.04018126888217523,0.04018126888217523,0.12091063783071687,0.12033646792882165,-0.0005741699018952284,0.0005741699018952284,-0.0047487128692440235,0.9470929909363216,0.9493524568282955,0.9448442545991065,19542,21383,0.006094746454555435,0.06049848942598187,886,0.03345921450151058,0.05392749244712991,828,0.03126888217522659,0.04799848942598187,787,0.029720543806646526,0.9848593685490218
train/203_D.png,M1,D,1,1,1,good,0.5,3206368,387684,389482,26480,25941,0.008258565454745057,0.008090462479665465,-0.0001681029750795916,-0.02035498489425982,0.02035498489425982,0.12091063783071687,0.12147139692012894,0.00056075908941207,0.00056075908941207,0.004637797794079714,0.948376537316352,0.9461875003209391,0.9505757266227134,20959,19161,0.006536679507779519,0.051510574018126885,1127,0.042560422960725076,0.04516616314199396,1042,0.03935045317220544,0.04006797583081571,992,0.03746223564954683,0.9856759571601359
train/351_G.png,M0,G,1,1,1,good,0.5,3224656,325343,325681,21762,21320,0.006748626830272749,0.006611557946025871,-0.0001370688842468778,-0.02031063321385902,0.02031063321385902,0.10089231223423521,0.10099712961630636,0.00010481738207114185,0.00010481738207114185,0.0010389035571688955,0.9608002162746688,0.9603016448610757,0.9612993056558771,12929,12591,0.004009419919520097,0.03620990717764911,664,0.030511901479643416,0.03143093465674111,603,0.027708850289495452,0.02711147872438195,542,0.024905799099347488,0.9940112910823387
train/351_G.png,M1,G,1,1,1,good,0.5,3224656,325343,329103,21762,21401,0.006748626830272749,0.006636676904451203,-0.00011194992582154499,-0.016588548846613364,0.016588548846613364,0.10089231223423521,0.10205832808212721,0.0011660158478919921,0.0011660158478919921,0.011557033653713158,0.961231331538431,0.9557403001491934,0.9667858229622276,14566,10806,0.004517070968190096,0.03193640290414484,649,0.029822626596820147,0.026973623747817296,599,0.02752504365407591,0.022883926109732562,571,0.02623839720613914,0.9945207866906955
train/522_N.png,M0,N,1,1,1,good,0.5,3294288,367764,359909,25452,25408,0.007726100450233859,0.007712743998096098,-1.3356452137760876e-05,-0.0017287443030017287,0.0017287443030017287,0.11163686963617024,0.10925243937384953,-0.00238443026232072,0.00238443026232072,-0.02135880619092679,0.9512514549804651,0.9616319680808204,0.9410926572475827,13809,21664,0.004191801081144089,0.029820839226779822,1070,0.04203991827754204,0.024241709885274243,1032,0.04054691183404055,0.01984126984126984,1004,0.039446801823039446,0.9918213135770405
train/522_N.png,M1,N,1,1,1,good,0.5,3294288,367764,361017,25452,25656,0.007726100450233859,0.007788025819236205,6.192536900234588e-05,0.008015087223008015,0.008015087223008015,0.11163686963617024,0.10958877912313678,-0.002048090513033469,0.002048090513033469,-0.01834600450288772,0.9509276449303701,0.9598135267868272,0.9422047835024635,14508,21255,0.004403986536696245,0.024634606317774636,1111,0.04365079365079365,0.020155586987270154,1055,0.041450573628791454,0.01658022945151658,1020,0.040075436115040074,0.9914116371185484
train/145_A.png,M0,A,1,1,1,good,0.5,3213324,199407,208386,15654,15417,0.004871590913334603,0.0047978355123853055,-7.375540094929736e-05,-0.015139900344959755,0.015139900344959755,0.06205630057846641,0.06485060330050751,0.002794302722041101,0.002794302722041101,0.0450285095307587,0.8915209432236453,0.8723138790513758,0.9115928728680538,26608,17629,0.008280521976619848,0.09908010732081257,1500,0.09582215408202377,0.09211703079085218,1385,0.08847578893573528,0.08770921170307909,1343,0.08579276862143861,0.9593689691309208
train/145_A.png,M1,A,1,1,1,good,0.5,3213324,199407,212679,15654,15821,0.004871590913334603,0.004923562018644867,5.197110531026439e-05,0.01066819982113198,0.01066819982113198,0.06205630057846641,0.06618660303162706,0.004130302453160652,0.004130302453160652,0.0665573425205735,0.8904985852467688,0.8627132909219998,0.9201331949229465,29198,15926,0.00908654091526407,0.09147821643030535,1745,0.11147310591542098,0.0836207997955794,1628,0.10399897789702313,0.07755206337038456,1549,0.09895234444870321,0.9588805654977246
train/204_D.png,M0,D,1,1,1,good,0.5,3226716,330518,315619,22167,20086,0.006869832981892425,0.006224904825835307,-0.0006449281560571181,-0.0938782875445482,0.0938782875445482,0.10243169835833088,0.09781431027707428,-0.004617388081256609,0.004617388081256609,-0.045077726477831766,0.9181891765987709,0.9398610349820511,0.8974942363199584,18981,33880,0.005882451384007765,0.11675012405828483,854,0.0385257364550909,0.10632922813190779,768,0.03464609554743538,0.09676546217350115,717,0.0323453782649885,0.9694347445793728
train/204_D.png,M1,D,1,1,1,good,0.5,3226716,330518,312854,22167,19835,0.006869832981892425,0.006147116758958644,-0.0007227162229337816,-0.10520142554247304,0.10520142554247304,0.10243169835833088,0.09695740189096283,-0.005474296467368061,0.005474296467368061,-0.05344338281122359,0.9211746858738024,0.9471798346832708,0.8965593401872213,16525,34189,0.00512130599656121,0.11814859926918392,611,0.027563495285785177,0.10696079758199124,539,0.02431542382821311,0.0978481526593585,479,0.021608697613569722,0.9697185168148041
train/353_G.png,M0,G,0,1,0,poor,0.5,3229676,214190,233969,13077,13349,0.004049012966006497,0.004133231940293702,8.421897428720404e-05,0.020799877647778544,0.020799877647778544,0.0663193459653538,0.07244348968751045,0.00612414372215665,0.00612414372215665,0.09234324665017041,0.9104224170439509,0.8719402997833047,0.9524580979504178,29962,10183,0.00927709157203385,0.058958476714842854,1510,0.11546990900053529,0.0506997017664602,1426,0.10904641737401545,0.04458209069358415,1373,0.10499350003823507,0.9794891924882186
train/353_G.png,M1,G,0,1,0,poor,0.5,3229676,214190,232949,13077,13340,0.004049012966006497,0.004130445283056257,8.14323170497598e-05,0.020111646402079988,0.020111646402079988,0.0663193459653538,0.07212766853393343,0.005808322568579634,0.005808322568579634,0.0875811195667398,0.9110321398938586,0.8743501796530571,0.9509267472804519,29270,10511,0.009062828593332581,0.0588820065764319,1545,0.11814636384491856,0.04924676913665214,1455,0.11126405138793301,0.04236445667966659,1392,0.10644643266804313,0.9788268896128112
train/526_N.png,M0,N,1,1,1,good,0.5,3294288,347800,336271,23486,23560,0.007129309884260271,0.007151773008310142,2.2463124049870563e-05,0.0031508132504470747,0.0031508132504470747,0.10557668303439165,0.10207698901856789,-0.003499694015823753,0.003499694015823753,-0.03314836112708453,0.9395866803299657,0.9556934734187604,0.9240138010350776,14899,26428,0.004522676827284074,0.045644213574044114,1246,0.05305288256833859,0.03955547986034233,1209,0.051477475943115046,0.034999574214425615,1183,0.05037043344971472,0.9829751194653542
train/526_N.png,M1,N,1,1,1,good,0.5,3294288,347800,337476,23486,23778,0.007129309884260271,0.007217948157538139,8.863827327786763e-05,0.012432938772034403,0.012432938772034403,0.10557668303439165,0.1024427736737043,-0.0031339093606873474,0.0031339093606873474,-0.02968372627947096,0.9377885698609028,0.9521328924130901,0.923870040253019,16154,26478,0.004903639268940664,0.04334497147236652,1450,0.06173890828578728,0.037426551988418634,1408,0.05995060887337137,0.03325385335944818,1377,0.058630673592778675,0.9814872292030326
train/18_A.png,M0,A,1,1,1,good,0.5,3248700,345143,349205,22008,21406,0.006774402068519716,0.006589097177332471,-0.00018530489118724413,-0.027353689567430027,0.027353689567430027,0.10624034229076246,0.10749068858312556,0.001250346292363099,0.001250346292363099,0.011769034863810073,0.9576782823598541,0.9521083604186652,0.9633137569065575,16724,12662,0.005147905315972543,0.04030352599054889,710,0.03226099600145402,0.03430570701563068,666,0.03026172300981461,0.028035259905488913,643,0.02921664849145765,0.9940847699000307
train/18_A.png,M1,A,1,1,1,good,0.5,3248700,345143,352469,22008,21390,0.006774402068519716,0.006584172130390618,-0.0001902299381290978,-0.02808069792802617,0.02808069792802617,0.10624034229076246,0.1084953981592637,0.0022550558685012468,0.0022550558685012468,0.021225984591893794,0.9575236664506918,0.9475726943362395,0.9676858577459198,18479,11153,0.005688121402407116,0.038349691021446745,738,0.03353326063249727,0.032306434023991276,685,0.03112504543802254,0.02535441657579062,648,0.029443838604143947,0.9940122371769674
train/222_D.png,M0,D,0,0,0,poor,0.5,3232284,112322,100813,6083,6288,0.001881950967179864,0.0019453736119722153,6.342264479235116e-05,0.033700476738451425,0.033700476738451425,0.03475004052861692,0.031189400436347797,-0.0035606400922691198,0.0035606400922691198,-0.10246434358362565,0.6710676331902315,0.7093727991429677,0.6366873809227044,29299,40808,0.009064488145224862,0.2740424132829196,1693,0.278316620088772,0.2520138089758343,1677,0.27568633897747824,0.23705408515535098,1665,0.2737136281440079,0.6246880380202601
train/222_D.png,M1,D,0,0,0,poor,0.5,3232284,112322,98398,6083,6490,0.001881950967179864,0.0020078681204993127,0.0001259171533194484,0.06690777576853527,0.06690777576853527,0.03475004052861692,0.03044225074281839,-0.0043077897857985254,0.0043077897857985254,-0.12396502911272947,0.6759206529992406,0.7237443850484766,0.6340253912857677,27183,41107,0.008409842699465766,0.27502876869965476,1853,0.3046194312017097,0.2566168009205984,1827,0.3003452243958573,0.23672530001643927,1811,0.29771494328456355,0.6554734159871956
train/360_G.png,M0,G,0,0,0,poor,0.5,3234068,99525,69164,7107,5123,0.0021975419193412137,0.0015840730621619582,-0.0006134688571792554,-0.27916139017869707,0.27916139017869707,0.03077393548929707,0.021386068567513114,-0.009387866921783958,0.009387866921783958,-0.30505903039437327,0.6384885795754317,0.7786276097391707,0.5411002260738508,15311,45672,0.004734285117072369,0.4328127198536654,1249,0.17574222597439146,0.40664133952441256,1194,0.16800337695230055,0.3883495145631068,1170,0.16462642465175178,0.7106715001288517
train/360_G.png,M1,G,0,0,0,poor,0.5,3234068,99525,73381,7107,5514,0.0021975419193412137,0.0017049734266564587,-0.000492568492684755,-0.2241452089489236,0.2241452089489236,0.03077393548929707,0.02268999909711237,-0.008083936392184703,0.008083936392184703,-0.26268776689274054,0.6593177796027899,0.7767678281844074,0.5727204220045214,16381,42525,0.005065137776942228,0.39214858590122414,1353,0.19037568594343604,0.36822850710567046,1292,0.18179259884620796,0.3507809202195019,1248,0.17560151962853524,0.7242752056436673
train/536_N.png,M0,N,1,1,1,good,0.5,3294288,357579,341929,22900,22241,0.006951426226243729,0.006751382999907719,-0.0002000432263360095,-0.028777292576419214,0.028777292576419214,0.10854515452200901,0.10379450734119178,-0.004750647180817221,0.004750647180817221,-0.04376655228634791,0.9290987379701161,0.9503610398650012,0.9087670137228416,16973,32623,0.005152251412141258,0.06820960698689957,1037,0.045283842794759825,0.0591703056768559,989,0.043187772925764194,0.052925764192139735,953,0.04161572052401747,0.9819658500159801
train/536_N.png,M1,N,1,1,1,good,0.5,3294288,357579,349333,22900,22590,0.006951426226243729,0.006857323949818595,-9.410227642513345e-05,-0.013537117903930132,0.013537117903930132,0.10854515452200901,0.10604203396910046,-0.0025031205529085494,0.0025031205529085494,-0.023060638348448875,0.9315614956317052,0.9425562428971783,0.9208202942566538,20067,28313,0.006091452842010171,0.05965065502183406,1340,0.05851528384279476,0.052270742358078603,1277,0.05576419213973799,0.0459825327510917,1220,0.05327510917030567,0.9796106483981645
train/23_A.png,M0,A,1,1,1,good,0.5,3242664,316070,319689,26840,25081,0.008277144964757373,0.007734689748922491,-0.0005424552158348814,-0.06553651266766021,0.06553651266766021,0.09747232522395166,0.09858838288518329,0.0011160576612316293,0.0011160576612316293,0.011449995254215839,0.9297548284806035,0.9244922408966214,0.9350776726674471,24139,20520,0.007444187865286073,0.09675856929955291,1192,0.04441132637853949,0.08941877794336811,1105,0.0411698956780924,0.08420268256333831,1055,0.0393070044709389,0.9801024169045108
train/23_A.png,M1,A,1,1,1,good,0.5,3242664,316070,316938,26840,25184,0.008277144964757373,0.007766453755307365,-0.0005106912094500078,-0.06169895678092399,0.06169895678092399,0.09747232522395166,0.09774000636513681,0.000267681141185149,0.000267681141185149,0.0027462271015914197,0.9340324292899932,0.9327534091841306,0.9353149618755339,21313,20445,0.006572682214376821,0.0937779433681073,1162,0.04329359165424739,0.08524590163934426,1055,0.0393070044709389,0.07973174366616989,1002,0.03733233979135619,0.9815389021398171
train/223_D.png,M0,D,1,0,1,poor,0.5,3234188,238812,234615,14745,14896,0.004559104170815054,0.004605792860526352,4.668868971129693e-05,0.01024075957951848,0.01024075957951848,0.07383986335982942,0.07254216514315186,-0.001297698216677571,0.001297698216677571,-0.017574493744032964,0.919478610218682,0.927702832299725,0.9113989246771519,16962,21159,0.005244593078695487,0.07134621905730756,1401,0.09501525940996948,0.06341132587317735,1356,0.09196337741607324,0.05751102068497796,1322,0.08965751102068498,0.9761710382559731
train/223_D.png,M1,D,1,0,1,poor,0.5,3234188,238812,237706,14745,15068,0.004559104170815054,0.0046589746792703455,9.987050845529079e-05,0.021905730756188537,0.021905730756188537,0.07383986335982942,0.07349789189744071,-0.0003419714623887047,0.0003419714623887047,-0.0046312580607339665,0.9199610507892672,0.9221012511253397,0.9178307622732526,18517,19623,0.005725393823735664,0.06273312987453374,1514,0.10267887419464225,0.05513733468972533,1458,0.09888097660223805,0.04944048830111902,1432,0.09711766700576467,0.9752767818121565
train/365_G.png,M0,G,0,1,1,poor,0.5,3233492,278540,272181,16165,14784,0.004999239212591217,0.004572146768880208,-0.0004270924437110096,-0.08543148778224559,0.08543148778224559,0.08614216457006851,0.08417556004468234,-0.001966604525386177,0.001966604525386177,-0.022829755151863286,0.911855549361655,0.9225074490871883,0.9014468298987578,21092,27451,0.0065229788723769845,0.13362202288895764,1085,0.0671203216826477,0.1227961645530467,1012,0.062604392205382,0.112465202598206,973,0.06019177234766471,0.9616321578555426
train/365_G.png,M1,G,0,1,1,poor,0.5,3233492,278540,271480,16165,14932,0.004999239212591217,0.0046179177186768975,-0.0003813214939143193,-0.07627590473244665,0.07627590473244665,0.08614216457006851,0.08395876655949666,-0.0021833980105718524,0.0021833980105718524,-0.0253464493430028,0.9122795534707829,0.9241417415647561,0.9007180297264307,20594,27654,0.006368965811574607,0.12879678317352306,1126,0.06965666563563254,0.11679554593257037,1061,0.06563563253943705,0.10807299721620786,1031,0.06377977111042375,0.9615316314598443
train/541_N.png,M0,N,1,1,1,good,0.5,3294288,372998,367143,22989,23070,0.006978442686249654,0.00700303070041235,2.4588014162696158e-05,0.003523424246378703,0.003523424246378703,0.11322568032910298,0.11144836152758958,-0.0017773188015134075,0.0017773188015134075,-0.015697135105282065,0.9443281753071374,0.951857995385994,0.9369165518313771,17675,23530,0.005365347534884625,0.05137239549349689,1359,0.059115229022576016,0.04541302361999217,1309,0.05694027578407064,0.04080212275436078,1276,0.0555048066466571,0.9884569111990916
train/541_N.png,M1,N,1,1,1,good,0.5,3294288,372998,371147,22989,23338,0.006978442686249654,0.00708438363616053,0.00010594094991087604,0.015181173604767497,0.015181173604767497,0.11322568032910298,0.11266379867212581,-0.0005618816569771677,0.0005618816569771677,-0.004962493096477729,0.9451141914546224,0.9474709481687849,0.9427691301293841,19496,21347,0.005918122519949683,0.04589151333246335,1655,0.07199095219452782,0.039062160163556486,1589,0.06912001391970073,0.03353777893775284,1552,0.06751054852320675,0.9883950490586085
train/38_A.png,M0,A,1,1,1,good,0.5,3253712,283476,291425,18915,18344,0.005813360248233403,0.005637868379254218,-0.00017549186897918438,-0.030187681734073487,0.030187681734073487,0.08712387574560994,0.08956693155386831,0.002443055808258383,0.002443055808258383,0.028041174561514906,0.8719066413173746,0.860015441365703,0.884131284482637,40795,32846,0.012537987381796544,0.09838752312979117,1532,0.0809939201691779,0.08955855141422152,1439,0.0760771874173936,0.0831086439333862,1390,0.07348665080623844,0.950550210839586
train/38_A.png,M1,A,1,1,1,good,0.5,3253712,283476,295899,18915,18518,0.005813360248233403,0.005691345761394985,-0.00012201448683841717,-0.02098863335976738,0.02098863335976738,0.08712387574560994,0.09094197642569471,0.003818100680084777,0.003818100680084777,0.043823815772763834,0.8672448759439051,0.8490397061159383,0.8862478657805246,44669,32246,0.013728627487620293,0.08924134284959027,1596,0.08437747819191119,0.07930214115781126,1453,0.07681734073486651,0.07311657414750199,1384,0.0731694422416072,0.9470933914904123
train/224_D.png,M0,D,1,1,1,good,0.5,3238208,261888,276484,17861,19144,0.005515704982508844,0.005911911773425302,0.0003962067909164575,0.07183248418341638,0.07183248418341638,0.08087436013992924,0.08538179141055793,0.004507431270628693,0.004507431270628693,0.055733748778103616,0.8708142325380963,0.8478284457690137,0.8950811033724341,42073,27477,0.012992679901970472,0.10021835283578746,3252,0.1820726723027826,0.09165220312412518,3166,0.17725771233413581,0.08476569061082806,3110,0.1741223895638542,0.9421863447760601
train/224_D.png,M1,D,1,1,1,good,0.5,3238208,261888,276907,17861,19263,0.005515704982508844,0.005948660493705161,0.00043295551119631597,0.07849504507026482,0.07849504507026482,0.08087436013992924,0.08551241921457794,0.004638059074648694,0.004638059074648694,0.057348943059628545,0.8750341038799544,0.8513038673634108,0.9001252443792767,41175,26156,0.012715366029606498,0.09377974357538772,3272,0.18319243043502603,0.08493365433066458,3180,0.17804154302670624,0.07759923856447007,3122,0.17479424444320027,0.943903146994211
train/368_G.png,M0,G,0,1,1,poor,0.5,3231668,289665,288827,22274,20798,0.0068924159288639795,0.006435685843966645,-0.00045673008489733474,-0.06626560114932208,0.06626560114932208,0.08963327916110195,0.08937397034596375,-0.0002593088151381887,0.0002593088151381887,-0.0028929970828370706,0.9343569141837743,0.9357123814601821,0.9330053682702432,18568,19406,0.00574563971299032,0.11021819161354045,984,0.044177067432881384,0.1034389871599174,904,0.04058543593427314,0.09818622609320284,851,0.03820598006644518,0.9756993437506658
train/368_G.png,M1,G,0,1,1,poor,0.5,3231668,289665,288641,22274,20849,0.0068924159288639795,0.006451467168038301,-0.00044094876082567886,-0.06397593606895932,0.06397593606895932,0.08963327916110195,0.08931641492876125,-0.00031686423234069836,0.00031686423234069836,-0.003535118153729308,0.9350447686864739,0.9367033789378502,0.9333920218183074,18270,19294,0.005653427270375546,0.10855706204543414,1027,0.04610756936338332,0.10195743916674149,941,0.04224656550237946,0.0962108287689683,878,0.03941815569722546,0.9751845296441014
train/542_N.png,M0,N,1,1,1,good,0.5,3294288,388428,374519,26676,25833,0.008097652664247935,0.007841755183517653,-0.00025589748073028223,-0.03160143949617634,0.03160143949617634,0.11790954524923139,0.11368738859504694,-0.004222156654184455,0.004222156654184455,-0.035808438114657025,0.9430825470183382,0.960594789583439,0.9261973905073785,14758,28667,0.004479875469297159,0.0662018293597241,992,0.03718698455540561,0.05645524066576698,936,0.03508771929824561,0.050794721847353425,885,0.033175888439046335,0.9864252130250808
train/542_N.png,M1,N,1,1,1,good,0.5,3294288,388428,378209,26676,26236,0.008097652664247935,0.007964088142870326,-0.00013356452137760875,-0.01649422702054281,0.01649422702054281,0.11790954524923139,0.11480750924023643,-0.0031020360089949635,0.0031020360089949635,-0.026308608030317072,0.9429964898641731,0.9557361141591025,0.9305920273512723,16741,26960,0.00508182648268761,0.06095366621682411,1328,0.049782576098365575,0.052444144549407705,1259,0.04719598140650772,0.04685859949017844,1205,0.045171689908532014,0.9861953638268731
train/3_A.png,M0,A,1,1,1,good,0.5,3248556,345892,336209,24941,22725,0.007677565047362582,0.006995415809362683,-0.000682149237999899,-0.088849685257207,0.088849685257207,0.10647561562737413,0.1034949066600668,-0.0029807089673073205,0.0029807089673073205,-0.02799428723416558,0.9474227423797942,0.9610658846134399,0.9341615301886138,13090,22773,0.004029482637824313,0.09767050238563009,603,0.024177057856541437,0.09213744436871016,512,0.020528447135239165,0.08716571107814441,437,0.017521350386913114,0.98580007344713
train/3_A.png,M1,A,1,1,1,good,0.5,3248556,345892,338406,24941,22950,0.007677565047362582,0.00706467735202964,-0.0006128876953329417,-0.07982839501222885,0.07982839501222885,0.10647561562737413,0.10417120714557483,-0.002304408481799298,0.002304408481799298,-0.02164259364194604,0.9489929825894566,0.9594894889570516,0.9387236478438357,13709,21195,0.0042200288374280755,0.09177659275891104,639,0.02562046429573794,0.08443927669299547,542,0.021731285834569583,0.07898640792269757,478,0.01916522994266469,0.9864560077181159
train/234_D.png,M0,D,1,1,1,good,0.5,3235632,226578,213602,14214,12671,0.004392959397113145,0.003916081927734675,-0.0004768774693784707,-0.10855494582805685,0.10855494582805685,0.0700258867510273,0.06601554194049261,-0.0040103448105346965,0.0040103448105346965,-0.05726946128926904,0.9118769594256895,0.939574535818953,0.8857656083114865,12907,25883,0.003989019764917642,0.13149008020261713,661,0.046503447305473476,0.12311805262417334,626,0.04404108625299001,0.11636414802307585,608,0.042774729140284226,0.9597373122607828
train/234_D.png,M1,D,1,1,1,good,0.5,3235632,226578,213539,14214,12831,0.004392959397113145,0.003965531308875669,-0.0004274280882374757,-0.09729843815956099,0.09729843815956099,0.0700258867510273,0.06599607124666834,-0.0040298155043589625,0.0040298155043589625,-0.057547511232335,0.9107941751852349,0.9386013796074721,0.8845872061718261,13111,26150,0.004052067725872411,0.13127902068383285,752,0.05290558604193049,0.12206275503025187,719,0.05058393133530322,0.11502743773744196,691,0.048614042493316446,0.9596778293077552
train/370_G.png,M0,G,0,1,1,poor,0.5,3230772,298827,287593,24490,22090,0.007580231597896726,0.006837375091773731,-0.0007428565061229947,-0.09799918334013884,0.09799918334013884,0.09249399214800673,0.08901680465226268,-0.0034771874957440514,0.0034771874957440514,-0.0375936578689342,0.9320691654445619,0.9502734767536066,0.9145492207866089,14301,25535,0.004426496205860395,0.12070232748060433,766,0.03127807268272764,0.11290322580645161,705,0.028787260106165783,0.10665577786851776,679,0.02772560228664761,0.975582894133529
train/370_G.png,M1,G,0,1,1,poor,0.5,3230772,298827,290340,24490,22461,0.007580231597896726,0.006952208326678577,-0.0006280232712181484,-0.08285014291547571,0.08285014291547571,0.09249399214800673,0.08986706582822929,-0.00262692631977744,0.00262692631977744,-0.028401048098063427,0.9330461482058567,0.9466831990080595,0.9197964039394031,15480,23967,0.004791424464493316,0.11163740302164149,914,0.03732135565536954,0.10428746427113107,825,0.033687219273172725,0.09808084932625562,792,0.03233973050224581,0.9762016121505834
train/546_N.png,M0,N,1,1,1,good,0.5,3294288,355145,332818,22010,20219,0.006681261626184474,0.006137593313031526,-0.0005436683131529484,-0.0813721035892776,0.0813721035892776,0.10780629987420651,0.10102881108148407,-0.006777488792722434,0.006777488792722434,-0.06286727956186909,0.9258608384462537,0.956916392743181,0.89675766236326,14339,36666,0.0043526856182580275,0.10149931849159473,594,0.026987732848705134,0.09241253975465698,541,0.024579736483416628,0.08514311676510677,513,0.023307587460245343,0.9783407016769827
train/546_N.png,M1,N,1,1,1,good,0.5,3294288,355145,336009,22010,20392,0.006681261626184474,0.0061901084543913585,-0.0004911531717931158,-0.07351203998182644,0.07351203998182644,0.10780629987420651,0.10199745741720213,-0.0058088424570043665,0.0058088424570043665,-0.05388221712258373,0.9273475954707634,0.9537542149168623,0.9023638232271326,15539,34675,0.0047169524947424145,0.09472966833257611,718,0.03262153566560654,0.08496138119036802,656,0.02980463425715584,0.07596547024079964,614,0.027896410722398908,0.9794578788950021
train/49_A.png,M0,A,1,1,1,good,0.5,3224592,351100,346746,30683,25991,0.009515312324784034,0.008060244520857213,-0.0014550678039268225,-0.1529185542482808,0.1529185542482808,0.10888199189230761,0.107531743550812,-0.0013502483414956062,0.0013502483414956062,-0.012401025348903446,0.9318531595796207,0.9377036793503025,0.9260751922529193,21601,25955,0.006698831976262423,0.14206563895316626,591,0.019261480298536648,0.13310302121696052,423,0.01378613564514552,0.1257699703418831,305,0.009940357852882704,0.974719083818148
train/49_A.png,M1,A,1,1,1,good,0.5,3224592,351100,347476,30683,26027,0.009515312324784034,0.008071408723956395,-0.0014439036008276397,-0.1517452661082684,0.1517452661082684,0.10888199189230761,0.10775812878032322,-0.0011238631119844,0.0011238631119844,-0.010321845628026204,0.9346441904674653,0.9395181249928053,0.9298205639418969,21016,24640,0.006517413675900703,0.13896946191702245,600,0.019554802333539744,0.13069126226249064,434,0.014144640354593748,0.12361894208519375,309,0.010070723201772968,0.9758459986249883
train/240_D.png,M0,D,1,1,1,good,0.5,3242544,317459,310072,21096,19915,0.006506002694180865,0.0061417825016406875,-0.0003642201925401783,-0.055982176715965115,0.055982176715965115,0.09790429983371081,0.09562615033134478,-0.0022781495023660434,0.0022781495023660434,-0.023269146566958252,0.911024315930209,0.9218762093965273,0.9004249367634876,24224,31611,0.0074706773447021846,0.11537732271520668,1220,0.05783086841107319,0.10400075843761851,1155,0.05474971558589306,0.0952313234736443,1112,0.052711414486158514,0.9668694105450585
train/240_D.png,M1,D,1,1,1,good,0.5,3242544,317459,311880,21096,20032,0.006506002694180865,0.006177865281087936,-0.0003281374130929295,-0.05043610163064088,0.05043610163064088,0.09790429983371081,0.09618373721374328,-0.0017205626199675317,0.0017205626199675317,-0.017573922931780166,0.9145404940739411,0.9227202770296268,0.9065044619935173,24102,29681,0.007433052566133258,0.11016306408797877,1386,0.06569965870307168,0.09793325748957148,1321,0.06261850587789154,0.08821577550246493,1280,0.06067500948047023,0.9674866748231419
train/371_G.png,M0,G,0,0,1,poor,0.5,3229268,178608,183706,14764,14248,0.004571933949117881,0.004412145414998074,-0.00015978853411980671,-0.034949878081820644,0.034949878081820644,0.05530912887998147,0.05688781482366902,0.0015786859436875478,0.0015786859436875478,0.02854295440293828,0.8716803656496851,0.859585424537032,0.8841205321150228,25795,20697,0.007987878367481422,0.14636954754808995,1691,0.114535356272013,0.1364128962340829,1637,0.11087781089135736,0.12808182064481172,1594,0.10796532105120564,0.938751683582698
train/371_G.png,M1,G,0,0,1,poor,0.5,3229268,178608,189459,14764,14999,0.004571933949117881,0.004644705859036785,7.277190991890422e-05,0.015917095638038472,0.015917095638038472,0.05530912887998147,0.05866933311202415,0.0033602042320426797,0.0033602042320426797,0.060753157753292125,0.8571482909361611,0.8326023044563732,0.8831855236047658,31715,20864,0.009821111162034244,0.14426984557030614,2390,0.16188024925494446,0.13505824979680303,2336,0.1582227038742888,0.12591438634516391,2290,0.1551070170685451,0.9353190489162704
train/547_N.png,M0,N,1,1,1,good,0.5,3294288,367919,360681,25443,24851,0.007723368448660227,0.007543663456261262,-0.0001797049923989645,-0.02326769641944739,0.02326769641944739,0.11168392077438281,0.10948678439772115,-0.0021971363766616642,0.0021971363766616642,-0.019672808417070062,0.9488196541312105,0.9583399180993731,0.9394866804921735,15026,22264,0.004561228405045339,0.04453091223519239,838,0.032936367566717764,0.039028416460323075,798,0.0313642259167551,0.034351295051684154,774,0.030420940926777502,0.9886833039830769
train/547_N.png,M1,N,1,1,1,good,0.5,3294288,367919,362717,25443,24967,0.007723368448660227,0.007578875920988086,-0.00014449252767214038,-0.018708485634555672,0.018708485634555672,0.11168392077438281,0.110104823864823,-0.00157909690955982,0.00157909690955982,-0.014138981678032393,0.950747020404141,0.9575647129856059,0.944025723053172,15392,20594,0.004672329802373077,0.040600558110285734,833,0.03273984986047243,0.03446920567543136,774,0.030420940926777502,0.030145816138034038,739,0.029045316983060173,0.9897702974497451
train/64_A.png,M0,A,1,1,1,good,0.5,3237552,329138,344450,22290,21912,0.006884831502320271,0.006768076620854275,-0.00011675488146599654,-0.016958277254374158,0.016958277254374158,0.10166261422210361,0.10639211354751986,0.004729499325416241,0.004729499325416241,0.046521519848817215,0.9408748374377216,0.9199622586732472,0.9627603011502774,27569,12257,0.008515384463322905,0.060206370569762226,1428,0.06406460296096904,0.055361148497083894,1344,0.06029609690444145,0.05114401076716016,1266,0.05679676985195155,0.9873337493329958
train/64_A.png,M1,A,1,1,1,good,0.5,3237552,329138,348553,22290,22356,0.006884831502320271,0.006905217275274652,2.0385772954380347e-05,0.0029609690444145358,0.0029609690444145358,0.10166261422210361,0.10765942909951716,0.005996814877413552,0.005996814877413552,0.05898741561290401,0.9379053285346861,0.911783860704111,0.9655676342446026,30748,11333,0.009497299193958893,0.056751906684611934,1766,0.07922835352175864,0.05087483176312248,1672,0.07501121579183491,0.0474652310453118,1555,0.06976222521310005,0.9875001413576096
train/248_D.png,M0,D,1,1,1,good,0.5,3208436,284090,287056,19965,19995,0.006222658017800573,0.0062320083679400185,9.350350139444889e-06,0.0015026296018031556,0.0015026296018031556,0.08854469903716328,0.0894691369876164,0.000924437950453118,0.000924437950453118,0.01044035340913091,0.9454990492798689,0.9406143748954908,0.9504347213911084,17047,14081,0.005313180627570567,0.05649887302779865,1358,0.06801903330828951,0.05028800400701227,1283,0.06426245930378162,0.04593037816178312,1234,0.06180816428750313,0.9860956655943073
train/248_D.png,M1,D,1,1,1,good,0.5,3208436,284090,288784,19965,20115,0.006222658017800573,0.006269409768497798,4.675175069722444e-05,0.007513148009015778,0.007513148009015778,0.08854469903716328,0.09000771715564843,0.0014630181184851435,0.0014630181184851435,0.016522932873385195,0.9466898480294096,0.9389959277522301,0.9545108944348621,17617,12923,0.00549083728022002,0.04913598797896319,1399,0.07007262709742049,0.04452792386676684,1336,0.06691710493363386,0.040921612822439266,1302,0.06521412471825695,0.986822673164796
train/375_G.png,M0,G,0,1,1,poor,0.5,3233204,208321,182855,17325,14414,0.005358461761150859,0.004458116468988657,-0.000900345292162202,-0.16802308802308802,0.16802308802308802,0.06443175252783308,0.05655535499770506,-0.00787639753012801,0.00787639753012801,-0.12224403684698135,0.8439577070167904,0.9027262038227011,0.7923733084998632,17787,43253,0.005501354074781548,0.21229437229437229,1151,0.06643578643578643,0.20051948051948051,1110,0.06406926406926407,0.19036075036075037,1090,0.06291486291486291,0.901559775708353
train/375_G.png,M1,G,0,1,1,poor,0.5,3233204,208321,186156,17325,14775,0.005358461761150859,0.004569770419682767,-0.0007886913414680918,-0.1471861471861472,0.1471861471861472,0.06443175252783308,0.05757632367150356,-0.006855428856329511,0.006855428856329511,-0.10639829877928773,0.8440846994881831,0.894335933303251,0.7991801114625986,19670,41835,0.006083748504579358,0.20473304473304474,1350,0.07792207792207792,0.19105339105339106,1295,0.07474747474747474,0.17974025974025973,1254,0.07238095238095238,0.9005532672871378
train/553_N.png,M0,N,1,1,1,good,0.5,3294288,379750,399657,26846,26745,0.008149257138416556,0.008118598009645787,-3.065912877076928e-05,-0.0037621992103106607,0.0037621992103106607,0.11527528862078847,0.12131817254593405,0.006042883925145585,0.006042883925145585,0.05242132982225148,0.9415517181652204,0.9181022726988393,0.9662304147465438,32731,12824,0.009935682611842073,0.041793935781866944,1263,0.047046114877449155,0.037100499143261564,1184,0.044103404604037846,0.03292855546450123,1126,0.0419429337703941,0.989569430798923
train/553_N.png,M1,N,1,1,1,good,0.5,3294288,379750,400215,26846,27029,0.008149257138416556,0.008204807837080426,5.55506986638691e-05,0.006816657975117336,0.006816657975117336,0.11527528862078847,0.12148755664349929,0.006212268022710825,0.006212268022710825,0.053890717577353524,0.9428038437622202,0.9186986994490461,0.9682080315997367,32538,12073,0.009877096355874167,0.03687700216047084,1368,0.05095731207628697,0.0316993220591522,1284,0.047828354317216715,0.02793712284884154,1223,0.04555613499217761,0.9900493409566095
train/6_A.png,M0,A,1,1,1,good,0.5,3245204,350776,352690,26988,25749,0.008316272259001284,0.007934478079036017,-0.00038179417996526564,-0.045909293019119606,0.045909293019119606,0.10809058536843909,0.10868037879899076,0.0005897934305516694,0.0005897934305516694,0.005456473646999795,0.9570100047479196,0.954413224077802,0.9596209546833306,16078,14164,0.004954388075449186,0.057803468208092484,447,0.016562916851934194,0.051059730250481696,394,0.014599081073069512,0.045835186008596415,364,0.01348747591522158,0.9922430169002886
train/6_A.png,M1,A,1,1,1,good,0.5,3245204,350776,353389,26988,25919,0.008316272259001284,0.007986863075480001,-0.0003294091835212825,-0.03961019712464799,0.03961019712464799,0.10809058536843909,0.1088957735784869,0.0008051882100478121,0.0008051882100478121,0.007449198348803795,0.9577584799017276,0.9542175902475742,0.9613257463452459,16179,13566,0.00498551092627767,0.05380168963983993,551,0.02041648139914036,0.047761968282199495,502,0.01860085964132207,0.04294501259819179,473,0.017526307988735734,0.9925563812860108
train/256_D.png,M0,D,0,0,1,poor,0.5,3243016,79413,97700,7104,7675,0.0021905534847808336,0.002366624154799113,0.0001760706700182793,0.08037725225225226,0.08037725225225226,0.024487390749845205,0.030126277514511184,0.005638886764665977,0.005638886764665977,0.23027715865160617,0.7468452343983785,0.676949846468782,0.8328359336632541,31562,13275,0.00973229857638692,0.17257882882882883,2027,0.2853322072072072,0.15723536036036037,1941,0.27322635135135137,0.14653716216216217,1909,0.26872184684684686,0.8082682217628873
train/256_D.png,M1,D,0,0,1,poor,0.5,3243016,79413,95318,7104,7441,0.0021905534847808336,0.0022944690991348795,0.00010391561435404574,0.047438063063063064,0.047438063063063064,0.024487390749845205,0.029391776050441933,0.004904385300596729,0.004904385300596729,0.2002820696863234,0.7556873136421127,0.6926393755639019,0.8313626232480829,29297,13392,0.009033874640149786,0.16821509009009009,1791,0.2521114864864865,0.15653153153153154,1718,0.24183558558558557,0.14569256756756757,1687,0.23747184684684686,0.8194205558631404
train/378_G.png,M0,G,1,1,1,good,0.5,3237936,352686,339118,24922,23473,0.007696878505319438,0.007249371204372168,-0.0004475073009472701,-0.05814140117165557,0.05814140117165557,0.10892309174733535,0.10473276803494572,-0.004190323712389621,0.004190323712389621,-0.038470480824302634,0.9343571300541772,0.9530487912761929,0.9163845460267773,15922,29490,0.004917330052230804,0.07362972474119252,821,0.03294278147821202,0.06688869272129043,756,0.030334644089559427,0.06119091565684937,730,0.029291389134098386,0.9725244088555156
train/378_G.png,M1,G,1,1,1,good,0.5,3237936,352686,345207,24922,23976,0.007696878505319438,0.007404717079028122,-0.00029216142629131647,-0.037958430302543936,0.037958430302543936,0.10892309174733535,0.10661328698281869,-0.002309804764516655,0.002309804764516655,-0.02120583181640326,0.9332146905041317,0.9433238607560102,0.923319893616418,19565,27044,0.006042429498297681,0.0659256881470187,1199,0.048110103522991735,0.059345156889495224,1118,0.04485996308482465,0.05392825615921676,1080,0.04333520584222775,0.9725130333382087
train/555_N.png,M0,N,1,1,1,good,0.5,3294288,398373,380497,30811,28861,0.009352855609467053,0.008760921935179923,-0.0005919336742871297,-0.06328908506702152,0.06328908506702152,0.12092840698809576,0.1155020447514,-0.005426362236695759,0.005426362236695759,-0.044872518970914196,0.9478295479348287,0.9700943765653869,0.9265637982493794,11379,29255,0.0034541606562632048,0.06666450293726267,454,0.01473499724124501,0.06062769790010061,410,0.013306935834604525,0.05592158644639901,382,0.012398169484924216,0.989731422914309
train/555_N.png,M1,N,1,1,1,good,0.5,3294288,398373,381956,30811,29174,0.009352855609467053,0.008855934878796268,-0.0004969207306707854,-0.05313037551523806,0.05313037551523806,0.12092840698809576,0.11594493256205893,-0.004983474426036825,0.004983474426036825,-0.041210122171934344,0.951209041314625,0.9716511849532407,0.9316093209128129,10828,27245,0.0032869014488107902,0.0570575443834994,433,0.014053422478984778,0.05037162052513713,388,0.012592905131284282,0.04608743630521567,365,0.011846418486904028,0.9901880741872585
train/72_A.png,M0,A,1,1,1,good,0.5,3216672,313305,312061,27550,24295,0.008564752638752102,0.007552837218093732,-0.0010119154206583698,-0.11814882032667877,0.11814882032667877,0.09740035664189572,0.09701362153181922,-0.00038673511007650144,0.00038673511007650144,-0.003970571807025103,0.9371216215784037,0.9389894924389782,0.9352611672332073,19039,20283,0.005918850289989157,0.11618874773139747,407,0.014773139745916515,0.10871143375680581,365,0.0132486388384755,0.10330308529945553,340,0.012341197822141561,0.9806165009588932
train/72_A.png,M1,A,1,1,1,good,0.5,3216672,313305,314607,27550,24518,0.008564752638752102,0.007622163528019021,-0.0009425891107330807,-0.11005444646098003,0.11005444646098003,0.09740035664189572,0.09780512281015907,0.00040476616826334795,0.00040476616826334795,0.004155694929860679,0.9408898062148836,0.9389428715826412,0.942844831713506,19209,17907,0.005971699943295431,0.10980036297640654,416,0.015099818511796733,0.10308529945553539,362,0.013139745916515427,0.09833030852994555,333,0.012087114337568058,0.9814417591876873
train/262_D.png,M0,D,1,1,1,good,0.5,3257408,327231,326546,22233,21709,0.006825365443935792,0.0066645013458553545,-0.00016086409808043696,-0.0235685692439167,0.0235685692439167,0.10045748030335776,0.10024719040414956,-0.0002102898992082048,0.0002102898992082048,-0.002093322454168462,0.9592383947431616,0.9602444984780092,0.9582343971078535,12982,13667,0.003985377330687467,0.040390410650834346,659,0.02964062429721585,0.035172941123555075,626,0.028156344173076057,0.030630144379975712,601,0.027031889533576214,0.9946231990861047
train/262_D.png,M1,D,1,1,1,good,0.5,3257408,327231,331561,22233,22164,0.006825365443935792,0.006804182957738177,-2.118248619761479e-05,-0.0031034948050195654,0.0031034948050195654,0.10045748030335776,0.10178675806039648,0.0013292777570387253,0.0013292777570387253,0.013232242666495534,0.9607311564196287,0.9544578524012173,0.9670874703191323,15100,10770,0.0046355875591881646,0.028246300544236047,870,0.039131021454594524,0.024378176584356585,819,0.03683713399001484,0.02077992173795709,787,0.035397832051455046,0.9947094275177594
train/396_G.png,M0,G,1,1,1,good,0.5,3243812,351214,343398,27768,24812,0.008560298808932207,0.007649025282599608,-0.0009112735263325988,-0.10645347162201095,0.10645347162201095,0.10827199603429545,0.10586248524883686,-0.0024095107854585902,0.0024095107854585902,-0.022254238156793293,0.9445560975047941,0.9553055055649713,0.9340459093316326,15348,23164,0.004731470257832451,0.10994670123883607,598,0.02153558052434457,0.10094353212330741,524,0.018870642466148085,0.09442523768366465,479,0.017250072025352923,0.9852508557581292
train/396_G.png,M1,G,1,1,1,good,0.5,3243812,351214,347642,27768,25181,0.008560298808932207,0.007762780333755471,-0.0007975184751767365,-0.09316479400749064,0.09316479400749064,0.10827199603429545,0.10717082247676499,-0.001101173557530461,0.001101173557530461,-0.010170437397142483,0.944775461611548,0.949629216262707,0.9399710717682097,17511,21083,0.005398278321924945,0.09903486027081533,735,0.02646931719965428,0.09143618553730913,651,0.023444252376836647,0.08553010659752233,611,0.02200374531835206,0.985500804611801
train/559_N.png,M0,N,1,1,1,good,0.5,3294288,401769,405633,27943,27643,0.008482257774669367,0.00839119105554827,-9.106671912109688e-05,-0.010736141430769782,0.010736141430769782,0.12195928224854657,0.1231322215908263,0.0011729393422797278,0.0011729393422797278,0.009617466753283604,0.958719448304562,0.9541531384280865,0.9633296745144598,18597,14733,0.005645225918316795,0.03303152846866836,819,0.029309666106001504,0.027269799234155245,758,0.027126650681744982,0.023297426904770425,723,0.02587410084815517,0.9932539922249856
train/559_N.png,M1,N,1,1,1,good,0.5,3294288,401769,407874,27943,27807,0.008482257774669367,0.00844097419533447,-4.128357933489725e-05,-0.004867050781948968,0.004867050781948968,0.12195928224854657,0.1238124899826609,0.0018532077341143216,0.0018532077341143216,0.015195298791096377,0.9591832449610508,0.9520047857916906,0.966470782962349,19576,13471,0.005942406978381975,0.030096983144257954,950,0.03399778119743764,0.025050996671796156,885,0.03167161722077085,0.021185985756719036,834,0.02984647317753999,0.9935083389038155
train/81_A.png,M0,A,1,1,1,good,0.5,3201984,336933,341376,22853,22635,0.007137137474765645,0.007069054686094621,-6.808278867102397e-05,-0.009539228985253577,0.009539228985253577,0.10522632218024824,0.10661389938238293,0.0013875772021346765,0.0013875772021346765,0.013186597928965106,0.9488654875580304,0.9426907574053244,0.9551216413945799,19564,15121,0.006109961823669325,0.048352513893143136,950,0.04157003456876559,0.04218264560451582,877,0.038375705596639394,0.03728175731851398,812,0.035531440073513325,0.9881043799158975
train/81_A.png,M1,A,1,1,1,good,0.5,3201984,336933,345604,22853,22962,0.007137137474765645,0.007171178869101158,3.4041394335511986e-05,0.0047696144926267885,0.0047696144926267885,0.10522632218024824,0.10793433071495673,0.0027080085347084806,0.0027080085347084806,0.02573508679767194,0.9488774967510919,0.9369741090959596,0.9610872191207154,21782,13111,0.006802657352441486,0.04467684767864175,1183,0.05176563252089441,0.03995099111713998,1107,0.04844002975539317,0.034831313175513065,1030,0.0450706690587669,0.9892162443608099
train/266_D.png,M0,D,1,0,1,poor,0.5,3210684,238197,216453,16581,13374,0.005164320126178721,0.004165467545233352,-0.0009988525809453686,-0.19341414872444365,0.19341414872444365,0.07418886442888804,0.06741647574161767,-0.006772388687270376,0.006772388687270376,-0.09128578445572362,0.8012185197404597,0.8414621187971523,0.764648589192979,34316,56060,0.010688065222239248,0.26934443037211264,1927,0.11621735721609071,0.24980399252156082,1830,0.11036728785959833,0.23599300404076956,1748,0.10542186840359448,0.8752165901383837
train/266_D.png,M1,D,1,0,1,poor,0.5,3210684,238197,218210,16581,13717,0.005164320126178721,0.004272298363837737,-0.0008920217623409841,-0.1727278209999397,0.1727278209999397,0.07418886442888804,0.06796371115936667,-0.006225153269521386,0.006225153269521386,-0.08390953706385891,0.8080375629646346,0.8450437651803309,0.774136534045349,33813,53800,0.010531400785626989,0.25511127193776006,1957,0.11802665701706773,0.23569145407394004,1830,0.11036728785959833,0.2215789156263193,1703,0.10270791870212895,0.8675243570425464
train/406_G.png,M0,G,0,0,1,poor,0.5,3232988,303495,284122,23282,20661,0.007201387694603259,0.006390682551249804,-0.0008107051433534551,-0.1125762391547118,0.1125762391547118,0.09387445916904115,0.08788216968327751,-0.005992289485763634,0.005992289485763634,-0.06383301207598148,0.9041331343375022,0.9349575182492028,0.8752763636962718,18480,37853,0.00571607441784504,0.13744523666351688,907,0.03895713426681557,0.1261489562752341,806,0.034619018984623315,0.1163559831629585,747,0.03208487243363972,0.9660580131250424
train/406_G.png,M1,G,0,0,1,poor,0.5,3232988,303495,288756,23282,20791,0.007201387694603259,0.006430893031461917,-0.0007704946631413417,-0.10699252641525642,0.10699252641525642,0.09387445916904115,0.08931551864714624,-0.004558940521894916,0.004558940521894916,-0.0485642267582662,0.907115395330696,0.9302663840751361,0.8850887164533189,20136,34875,0.006228294073470115,0.12932737737307792,960,0.041233570999055065,0.1188901297139421,824,0.03539214844085559,0.10956962460269737,742,0.03187011425135298,0.9670978071942867
train/561_N.png,M0,N,1,1,1,good,0.5,3294288,363960,352698,25501,24316,0.007740974681023639,0.0073812611404953056,-0.00035971354052833265,-0.046468765930747814,0.046468765930747814,0.11048214363771473,0.10706349900190876,-0.003418644635805977,0.003418644635805977,-0.03094296076491922,0.9491026403109991,0.9642555387328536,0.9344186174304868,12607,23869,0.0038269270931988947,0.06572291282694796,645,0.025293125759774125,0.05972314811183875,590,0.02313634759421199,0.05442923806909533,538,0.021097211874044154,0.98839536499108
train/561_N.png,M1,N,1,1,1,good,0.5,3294288,363960,356560,25501,24576,0.007740974681023639,0.0074601856304002566,-0.00028078905062338204,-0.03627308732990863,0.03627308732990863,0.11048214363771473,0.10823583123272768,-0.0022463124049870564,0.0022463124049870564,-0.020331904604901637,0.9502220618442236,0.9600824545658515,0.9405621496867788,14233,21633,0.0043205087108352394,0.058389867064036705,850,0.03333202619505118,0.052703815536645625,790,0.03097917728716521,0.04807654601780322,745,0.029214540606250734,0.988347555968632
train/84_A.png,M0,A,1,0,1,poor,0.5,3242704,193359,181286,14774,13316,0.004556074189935313,0.004106449432325614,-0.0004496247576096986,-0.0986868823609043,0.0986868823609043,0.059628939304975107,0.05590581193966517,-0.0037231273653099387,0.0037231273653099387,-0.062438262506529306,0.8767126212814798,0.9059055856491952,0.8493424148862996,17058,29131,0.0052604246332690245,0.16968999593881143,1295,0.08765398673345065,0.16177067821849195,1248,0.08447272235007446,0.15371598754568838,1219,0.08250981453905509,0.9399217935750698
train/84_A.png,M1,A,1,0,1,poor,0.5,3242704,193359,188334,14774,13896,0.004556074189935313,0.0042853125046257694,-0.00027076168530954414,-0.05942872614051713,0.05942872614051713,0.059628939304975107,0.05807930665271946,-0.0015496326522556484,0.0015496326522556484,-0.025987929188711154,0.878271280846125,0.8899880000424777,0.8668590549185712,20719,25744,0.006389420681011896,0.1479626370651144,1477,0.09997292540950319,0.13828347096250168,1434,0.09706240693109516,0.1316501962907811,1411,0.09550561797752809,0.940847357305443
train/269_D.png,M0,D,1,0,1,poor,0.5,3245060,301429,268337,18205,15586,0.005610065761495936,0.004802992856834697,-0.000807072904661239,-0.14386157648997527,0.14386157648997527,0.09288857524976425,0.08269092096910381,-0.01019765428066045,0.01019765428066045,-0.10978373016531257,0.8978703537943648,0.9532341794087286,0.8485845754721676,12549,45641,0.003867108774568113,0.16248283438615765,631,0.03466080747047515,0.15204614117000825,545,0.02993683054106015,0.14259818731117824,473,0.025981873111782478,0.965508431638844
train/269_D.png,M1,D,1,0,1,poor,0.5,3245060,301429,273359,18205,15811,0.005610065761495936,0.004872329017028961,-0.0007377367444669744,-0.13150233452348256,0.13150233452348256,0.09288857524976425,0.08423850406463979,-0.008650071185124467,0.008650071185124467,-0.09312309034631705,0.90487971217214,0.95133871575474,0.8627471145775623,13302,41372,0.004099153790684918,0.14644328481186486,763,0.04191156275748421,0.13858829991760505,661,0.03630870639934084,0.1313924745948915,593,0.03257346882724526,0.9662500421427109
train/417_G.png,M0,G,1,1,1,good,0.5,3236504,361614,359481,28728,26058,0.008876244243788977,0.008051280023136076,-0.0008249642206529021,-0.0929406850459482,0.0929406850459482,0.11172981711130281,0.1110707726608711,-0.0006590444504317004,0.0006590444504317004,-0.00589855481259022,0.899623489276725,0.9022924716466239,0.8969702500456288,35124,37257,0.010852450668993457,0.11114592035644667,1115,0.03881230854915065,0.10122528543581175,950,0.03306878306878307,0.09370648844333054,868,0.030214424951267055,0.9575060968552408
train/417_G.png,M1,G,1,1,1,good,0.5,3236504,361614,358819,28728,26093,0.008876244243788977,0.008062094160859989,-0.0008141500829289876,-0.09172236145920357,0.09172236145920357,0.11172981711130281,0.11086623097020736,-0.0008635861410954536,0.0008635861410954536,-0.0077292361468305985,0.901521723741139,0.9050328995956178,0.8980376865939925,34076,36871,0.010528644488003105,0.10790866054023948,1020,0.035505430242272346,0.0985797827903091,867,0.030179615705931494,0.09207045391255918,799,0.027812587023113337,0.9572286102627837
train/566_N.png,M0,N,1,1,1,good,0.5,3294288,363867,348783,24341,23866,0.0073888500337553975,0.00724466106181366,-0.00014418897194173674,-0.019514399572737356,0.019514399572737356,0.1104539129547872,0.10587507831737844,-0.004578834637408751,0.004578834637408751,-0.04145470735186208,0.9477611730863678,0.9682553335454996,0.9281165920514913,11072,26156,0.003360969047029282,0.05324349862372129,733,0.03011379976171891,0.044164167454089805,693,0.02847048190296208,0.03775522780493817,659,0.027073661723018776,0.9912900012849295
train/566_N.png,M1,N,1,1,1,good,0.5,3294288,363867,351567,24341,24125,0.0073888500337553975,0.007323281995988208,-6.556803776718976e-05,-0.008873916437286883,0.008873916437286883,0.1104539129547872,0.10672017747082223,-0.003733735483964972,0.003733735483964972,-0.033803560092011645,0.9495970278180796,0.9662084325320636,0.9335471477215576,11880,24180,0.0036062420771954366,0.047245388439258865,856,0.03516700217739616,0.03865905262725443,809,0.03323610369335689,0.032003615299289266,781,0.03208578119222711,0.9914072956226733
train/88_A.png,M0,A,1,1,1,good,0.5,3235200,326977,325637,20881,19859,0.006454315034619189,0.006138414935707221,-0.00031590009891196833,-0.04894401609118337,0.04894401609118337,0.10106855835806132,0.10065436449060336,-0.00041419386745796243,0.00041419386745796243,-0.004098147576129208,0.9333051390255189,0.9352254197158185,0.9313927279288757,21093,22433,0.006519844213649852,0.0892198649489967,1127,0.05397251089507207,0.08093482112925626,1056,0.05057229059910924,0.0744217230975528,1007,0.048225659690627844,0.9824434564154709
train/88_A.png,M1,A,1,1,1,good,0.5,3235200,326977,329009,20881,19954,0.006454315034619189,0.006167779426310583,-0.00028653560830860534,-0.044394425554331686,0.044394425554331686,0.10106855835806132,0.1016966493570722,0.0006280909990108803,0.0006280909990108803,0.00621450438410041,0.9337851722445296,0.9309015862787948,0.9366866782678904,22734,20702,0.007027077151335312,0.08907619366888558,1190,0.0569896077774053,0.0793544370480341,1122,0.053733058761553563,0.0721229826157751,1076,0.05153009913318328,0.9816691376503501
train/271_D.png,M0,D,1,1,1,good,0.5,3239112,344842,333184,22412,21982,0.006919180318556444,0.006786427885173467,-0.00013275243338297657,-0.019186150276637514,0.019186150276637514,0.10646189449454048,0.1028627599169155,-0.0035991345776249786,0.0035991345776249786,-0.03380678687630857,0.9499399728034028,0.9665590184402613,0.9338827637004773,11142,22800,0.0034398316575654066,0.04689452079243263,860,0.03837230055327503,0.04154024629662681,835,0.037256826699982155,0.03663216134213814,815,0.03636444761734785,0.9923697286789337
train/271_D.png,M1,D,1,1,1,good,0.5,3239112,344842,334868,22412,22349,0.006919180318556444,0.006899730543432891,-1.9449775123552383e-05,-0.002810994110298055,0.002810994110298055,0.10646189449454048,0.10338265549323394,-0.003079239001306531,0.003079239001306531,-0.028923391002256105,0.9518765355813509,0.9660522952327484,0.9381107869691047,11368,21342,0.0035096038667387854,0.038907728002855614,980,0.04372657504908085,0.033464215598786366,945,0.04216491165447082,0.02918079600214171,920,0.04104943780117794,0.9925190899797963
train/421_G.png,M0,G,1,1,1,good,0.5,3241960,370147,362750,28827,26422,0.008891843205961826,0.00815000801983985,-0.0007418351861219756,-0.08342873001006001,0.08342873001006001,0.11417383311330183,0.11189218867598613,-0.0022816444373156978,0.0022816444373156978,-0.019983952321645185,0.9209506929350236,0.9303404548587181,0.9117485755659238,25269,32666,0.007794358968031685,0.07874562042529573,604,0.020952579179241683,0.0709751274846498,488,0.016928573906407188,0.06559822388732785,427,0.01481250216810629,0.9775531277247148
train/421_G.png,M1,G,1,1,1,good,0.5,3241960,370147,364991,28827,26656,0.008891843205961826,0.008222186578489556,-0.0006696566274722698,-0.07531134006313525,0.07531134006313525,0.11417383311330183,0.11258343717997754,-0.0015903959333242854,0.0015903959333242854,-0.013929600942328318,0.9209264110956038,0.9274310873418796,0.9145123423936976,26487,31643,0.008170057619464769,0.074790994553717,716,0.024837825649564643,0.06702050161307108,591,0.020501613071079196,0.06185173621951642,532,0.018454920734034066,0.9761228300002059
train/572_N.png,M0,N,1,1,1,good,0.5,3294288,357165,354092,25604,25607,0.007772240921255215,0.007773151588446426,9.106671912109688e-07,0.00011716919231370099,0.00011716919231370099,0.10841948244962189,0.10748665569009146,-0.0009328267595304357,0.0009328267595304357,-0.008603866560273263,0.952271822983816,0.956403985404923,0.9481752131367855,15437,18510,0.004685989810241242,0.027730042180909232,965,0.03768942352757382,0.0238634588345571,918,0.0358537728479925,0.020895172629276676,885,0.03456491173254179,0.9922163562701221
train/572_N.png,M1,N,1,1,1,good,0.5,3294288,357165,356958,25604,25917,0.007772240921255215,0.00786725386487156,9.501294361634441e-05,0.012224652398062802,0.012224652398062802,0.10841948244962189,0.10835664641342833,-6.283603619355685e-05,6.283603619355685e-05,-0.0005795640670278443,0.9517856167634987,0.9520615870774713,0.9515098063920037,17112,17319,0.005194445658667366,0.0238244024371192,1163,0.04542259022027808,0.019567255116388065,1113,0.04346977034838306,0.01648179971879394,1079,0.04214185283549445,0.9922491753146135
train/8_A.png,M0,A,1,1,1,good,0.5,3241464,316200,292497,22027,19089,0.006795386282247774,0.0058890057085317,-0.0009063805737160739,-0.13338175875062425,0.13338175875062425,0.09754851511539231,0.09023607851267205,-0.0073124366027202525,0.0073124366027202525,-0.07496204933586338,0.9128351215793736,0.9498217075730692,0.8786211258697028,14677,38380,0.004527892335068352,0.169564625232669,788,0.03577427702365279,0.15885050165705725,735,0.03336813910201117,0.15017932537340536,698,0.03168838243973306,0.9524493285956179
train/8_A.png,M1,A,1,1,1,good,0.5,3241464,316200,297717,22027,19132,0.006795386282247774,0.005902271319379144,-0.0008931149628686297,-0.1314296091160848,0.1314296091160848,0.09754851511539231,0.09184646196903622,-0.005702053146356091,0.005702053146356091,-0.05845351043643264,0.9170751095017731,0.9455422431369388,0.8902719797596458,16213,34696,0.005001752294642174,0.16402596813002224,947,0.042992690788577655,0.15172288554955282,884,0.04013256457983384,0.14309710809461115,837,0.03799881963045353,0.9526763179377143
train/274_D.png,M0,D,1,1,1,good,0.5,3231668,298852,311431,20653,19956,0.006390817373566839,0.006175139277920875,-0.00021567809564596363,-0.03374812375926015,0.03374812375926015,0.09247608355808827,0.09636850072470315,0.0038924171666148873,0.0038924171666148873,0.042091068488750286,0.9146248543708411,0.8961535621052497,0.9338736230642593,32341,19762,0.010007525525518092,0.08894591584757662,1542,0.07466227666682806,0.08100518084539776,1425,0.06899724011039558,0.07277393114801724,1342,0.06497845349343921,0.9739352345933556
train/274_D.png,M1,D,1,1,1,good,0.5,3231668,298852,314510,20653,20209,0.006390817373566839,0.006253427022825365,-0.0001373903507414747,-0.021498087444923257,0.021498087444923257,0.09247608355808827,0.09732125948581352,0.004845175927725249,0.004845175927725249,0.05239382704482486,0.9179603562007428,0.8951098534227846,0.9420080842691365,32989,17331,0.01020804117254619,0.0845397763036847,1626,0.07872948239965138,0.07475911489856195,1493,0.07228973998934779,0.06739940928678642,1406,0.06807727690892364,0.9763299706400707
train/429_G.png,M0,G,1,1,1,good,0.5,3200248,305832,287069,19624,18354,0.006132024768080474,0.005735180523509428,-0.00039684424457104575,-0.06471667346106807,0.06471667346106807,0.09556509370523784,0.08970211058642955,-0.005862983118808293,0.005862983118808293,-0.06135067618823406,0.9265020635822844,0.9567804256119609,0.8980812995370007,12407,31170,0.003876887041254303,0.10696086424785976,936,0.04769669792091317,0.0955972278842234,866,0.04412963717896453,0.0858132898491643,829,0.04224419078679168,0.9835408285799786
train/429_G.png,M1,G,1,1,1,good,0.5,3200248,305832,292611,19624,18651,0.006132024768080474,0.00582798583109809,-0.00030403893698238384,-0.04958214431308602,0.04958214431308602,0.09556509370523784,0.09143385137651831,-0.004131242328719524,0.004131242328719524,-0.0432296162599074,0.9301771430194689,0.9511911718971604,0.9100715425462346,14282,27503,0.0044627791346170675,0.10155931512433755,1144,0.05829596412556054,0.09121483897268651,1071,0.054576029351814104,0.08352017937219731,1033,0.05263962494904199,0.9840489423507554
train/573_N.png,M0,N,1,1,1,good,0.5,3294288,394396,392670,28300,27224,0.008590627170423472,0.008264001204509139,-0.0003266259659143341,-0.03802120141342756,0.03802120141342756,0.11972116584828042,0.11919722865760371,-0.0005239371906767107,0.0005239371906767107,-0.0043763121329830935,0.9540114806128076,0.956108182443273,0.951923954604002,17235,18961,0.005231783013507016,0.04646643109540636,628,0.022190812720848056,0.04074204946996467,543,0.019187279151943463,0.03667844522968198,506,0.017879858657243817,0.9919731108474428
train/573_N.png,M1,N,1,1,1,good,0.5,3294288,394396,395113,28300,27553,0.008590627170423472,0.00836387103981194,-0.00022675613061153124,-0.026395759717314487,0.026395759717314487,0.11972116584828042,0.11993881530697983,0.00021764945869942153,0.00021764945869942153,0.0018179697562855607,0.9541854494375618,0.9533196832298608,0.9550527895820444,18444,17727,0.005598781891565036,0.043003533568904594,806,0.028480565371024735,0.03795053003533569,730,0.025795053003533568,0.03445229681978799,684,0.024169611307420496,0.9917762576636465
train/91_A.png,M0,A,0,1,1,poor,0.5,3250388,308578,282133,20209,17899,0.006217411582863338,0.005506727196876188,-0.0007106843859871498,-0.114305507447177,0.114305507447177,0.09493574305590594,0.08679979128645565,-0.008135951769450294,0.008135951769450294,-0.08569956380558562,0.8928325357069701,0.9346761988140345,0.8545748562762089,18430,44875,0.005670092308979728,0.12969469048443763,816,0.04037804938393785,0.11880845167994458,748,0.03701321193527636,0.1087634222376169,708,0.0350338957890049,0.9671627011155466
train/91_A.png,M1,A,0,1,1,poor,0.5,3250388,308578,286516,20209,18112,0.006217411582863338,0.0055722578350646135,-0.0006451537477987243,-0.10376564896828146,0.10376564896828146,0.09493574305590594,0.08814824568636113,-0.006787497369544805,0.006787497369544805,-0.07149569962861901,0.9031951254759752,0.9379685602200226,0.8709078417774436,17773,39835,0.005467962594004162,0.11549309713493988,865,0.04280271166312039,0.10633875995843436,811,0.040130634865653915,0.09916373892820031,782,0.03869563065960711,0.9711732789769052
train/276_D.png,M0,D,1,1,1,good,0.5,3239808,357235,379532,22609,22420,0.006978499960491486,0.00692016317016317,-5.833679032831575e-05,-0.008359502852846212,0.008359502852846212,0.11026425022717395,0.11714644818458378,0.006882197957409822,0.006882197957409822,0.06241549680182513,0.9464213245164347,0.9186208277562893,0.975957003093202,30886,8589,0.00953328098455217,0.035959131319386085,1030,0.045557079039320623,0.03038612941748861,971,0.04294749878367022,0.0256977309920828,942,0.04166482374275731,0.9927855981301663
train/276_D.png,M1,D,1,1,1,good,0.5,3239808,357235,384479,22609,23030,0.006978499960491486,0.007108445932598475,0.00012994597210698905,0.018620903180149497,0.018620903180149497,0.11026425022717395,0.11867339052190747,0.008409140294733514,0.008409140294733514,0.07626352401080522,0.9464025217267032,0.912871704306347,0.9824905174464988,33499,6255,0.010339810260361107,0.02684771551152196,1426,0.06307222787385554,0.02242469812906365,1369,0.060551107965854306,0.01839975231102658,1320,0.058383829448449734,0.9934653731688964
train/430_G.png,M0,G,1,1,1,good,0.5,3199344,297242,282651,18134,17583,0.005668036947574253,0.00549581414189909,-0.00017222280567516342,-0.03038491231940002,0.03038491231940002,0.09290717097004886,0.0883465485424512,-0.004560622427597657,0.004560622427597657,-0.049087948540246666,0.9404459098488859,0.9647197427215896,0.9173636296351121,9972,24563,0.0031168889622372586,0.06799382375647954,710,0.03915297231719422,0.058950038601522,640,0.035292820116907465,0.052001764641005845,609,0.033583324142494764,0.9884015847241303
train/430_G.png,M1,G,1,1,1,good,0.5,3199344,297242,290064,18134,18047,0.005668036947574253,0.005640843872993964,-2.7193074580288958e-05,-0.004797617734642109,0.004797617734642109,0.09290717097004886,0.0906635860351372,-0.002243584934911657,0.002243584934911657,-0.02414867347144751,0.9426329715684839,0.9542962932318385,0.93125130365157,13257,20435,0.004143661950699894,0.051009154075217826,914,0.05040255872945847,0.04422631520899967,880,0.048527627660747766,0.03920811734862689,845,0.04659755156060439,0.9878536058489653
train/580_N.png,M0,N,1,1,1,good,0.5,3294288,382834,369425,26333,25158,0.00799353304871948,0.0076368550654951845,-0.0003566779832242961,-0.04462081798503779,0.04462081798503779,0.11621145449335335,0.11214107570437072,-0.004070378788982627,0.004070378788982627,-0.035025624683283095,0.9489683739244064,0.9661907017662583,0.9323492688737155,12490,25899,0.0037914110727416666,0.049595564500816466,644,0.024456005772224964,0.04386131470018608,600,0.02278509854555121,0.039076444005620325,581,0.02206357042494209,0.9917496811930622
train/580_N.png,M1,N,1,1,1,good,0.5,3294288,382834,375283,26333,25548,0.00799353304871948,0.00775524180035261,-0.00023829124836687016,-0.0298105039304295,0.0298105039304295,0.11621145449335335,0.11391930517307533,-0.0022921493202780084,0.0022921493202780084,-0.019723953462858577,0.9506896692726848,0.9602539949851179,0.9413139898755074,14916,22467,0.004527837274700937,0.03759541260015949,671,0.025481335206774768,0.03174723730680135,619,0.02350662666616033,0.026810465955265258,586,0.022253446246155016,0.9919932563476611
train/96_A.png,M0,A,1,1,1,good,0.5,3241432,167933,164734,15887,14475,0.004901228839599288,0.004465618899301297,-0.00043560994029799176,-0.08887769874740353,0.08887769874740353,0.05180827486123417,0.050821365371848,-0.0009869094893861724,0.0009869094893861724,-0.01904926369444957,0.8837305774242711,0.8923112411524032,0.8753133690221696,17740,20939,0.005472889759834542,0.1632781519481337,1510,0.09504626424120349,0.15119279914395417,1394,0.08774469692201171,0.14256939636180524,1338,0.08421980235412602,0.9498529200138238
train/96_A.png,M1,A,1,1,1,good,0.5,3241432,167933,168553,15887,14699,0.004901228839599288,0.004534724158951969,-0.00036650468064731886,-0.07477812047586077,0.07477812047586077,0.05180827486123417,0.05199954834776728,0.00019127348653311251,0.00019127348653311251,0.0036919485747292074,0.882194207188412,0.8805716896169158,0.8838227150113438,20130,19510,0.006210218199857347,0.15692075281676843,1572,0.0989488260842198,0.1445836218291685,1459,0.09183609240259331,0.13533077358846857,1395,0.0878076414678668,0.948302871738894
train/277_D.png,M0,D,0,0,1,poor,0.5,3226580,227074,155463,18279,10625,0.005665131501465948,0.0032929603481085235,-0.002372171153357425,-0.41873187811149404,0.41873187811149404,0.07037606381989599,0.048181975962164274,-0.022194087857731717,0.022194087857731717,-0.3153641544166219,0.746144817364072,0.9179933488997382,0.6284911526638893,12749,84360,0.003951242492050406,0.4451556430876963,916,0.050112150555282016,0.42868865911701953,836,0.04573554351988621,0.4129328737895946,802,0.04387548552984299,0.8825611930186251
train/277_D.png,M1,D,0,0,1,poor,0.5,3226580,227074,170854,18279,11666,0.005665131501465948,0.0036155929808032033,-0.002049538520662745,-0.36178127906340607,0.36178127906340607,0.07037606381989599,0.052952042100304346,-0.01742402171959164,0.01742402171959164,-0.24758448787619894,0.7620574576305261,0.8874360565160898,0.6677206549406801,19232,75452,0.005960490674336294,0.398435362984846,1406,0.07691886864708135,0.3776464795667159,1307,0.07150281744077903,0.3608512500683845,1254,0.06860331527982931,0.871965751948936
train/435_G.png,M0,G,1,1,1,good,0.5,3213260,407984,422446,30063,29023,0.009355918911012492,0.009032260072325302,-0.00032365883868718995,-0.034594019226291454,0.034594019226291454,0.1269688727336101,0.13146959785389292,0.004500725120282828,0.004500725120282828,0.035447468528177574,0.9510855821682742,0.9348058686790738,0.967942370289031,27541,13079,0.008571046227196056,0.046901506835645146,798,0.026544257060173635,0.04068123607091774,658,0.021887369856634403,0.03499318098659482,595,0.019791770615041747,0.991939276787428
train/435_G.png,M1,G,1,1,1,good,0.5,3213260,407984,424566,30063,29205,0.009355918911012492,0.00908890036909556,-0.00026701854191693174,-0.02854006586169045,0.02854006586169045,0.1269688727336101,0.1321293639481399,0.005160491214529792,0.005160491214529792,0.040643750735322955,0.9530983124136688,0.9344860398618825,0.972467057531668,27815,11233,0.008656317882773257,0.0431094701127632,844,0.028074377141336527,0.037155307188238035,711,0.023650334297974255,0.03153377906396567,648,0.0215547350563816,0.9925497890467585
train/583_N.png,M0,N,1,1,1,good,0.5,3294288,363243,364532,26966,26204,0.008185683826064995,0.00795437435949741,-0.00023130946656758607,-0.028257806126233034,0.028257806126233034,0.11026449417901531,0.11065577751550562,0.0003912833364903129,0.0003912833364903129,0.003548588685810876,0.9533028752018138,0.9516174163036442,0.9549943151003598,17637,16348,0.005353812417129285,0.04238670918934955,717,0.026589038047912187,0.03667581398798487,666,0.024697767559148556,0.032782021805236226,631,0.023399836831565674,0.9919016658989546
train/583_N.png,M1,N,1,1,1,good,0.5,3294288,363243,367792,26966,26341,0.008185683826064995,0.00799596149456271,-0.00018972233150228517,-0.023177334421122894,0.023177334421122894,0.11026449417901531,0.11164536919662155,0.0013808750176062324,0.0013808750176062324,0.012523297076612625,0.9544330982784682,0.9485306912602776,0.9604094228932147,18930,14381,0.005746309976541213,0.037491656159608394,833,0.030890751316472596,0.03211451457390788,768,0.028480308536675814,0.028591559741897202,732,0.027145294074019135,0.9921842371149242
train/98_A.png,M0,A,0,1,1,poor,0.5,3235168,290709,288143,21946,19381,0.006783573526938941,0.005990724438421745,-0.000792849088517196,-0.11687779094140162,0.11687779094140162,0.08985901195857526,0.08906585376709958,-0.0007931581914756823,0.0007931581914756823,-0.008826696111919479,0.9230580528356126,0.9271681075021777,0.9189842763725925,20986,23552,0.006486834686792154,0.1241228469880616,963,0.043880433792035,0.11733345484370729,868,0.03955162672013123,0.11181992162580881,761,0.03467602296546068,0.9701113756828765
train/98_A.png,M1,A,0,1,1,poor,0.5,3235168,290709,289786,21946,19646,0.006783573526938941,0.0060726367224205975,-0.0007109368045183434,-0.10480269753030165,0.10480269753030165,0.08985901195857526,0.08957370992789246,-0.00028530203068279607,0.00028530203068279607,-0.0031749963021440683,0.9231672968759421,0.9246374911141325,0.9217017704990214,21839,22762,0.006750499510380914,0.12261915611045293,1070,0.04875603754670555,0.11482730338102616,966,0.04401713296272669,0.11004283240681673,848,0.03864029891551991,0.9707965014057703
train/285_D.png,M0,D,0,1,1,poor,0.5,3245908,147864,146952,11316,11165,0.003486235592629243,0.003439715481769662,-4.652011085958074e-05,-0.013343937787203958,0.013343937787203958,0.04555397133868243,0.04527300219229873,-0.00028096914638369293,0.00028096914638369293,-0.006167829897743873,0.8860645283838054,0.8888140345146714,0.8833319807390575,16339,17251,0.005033722459170131,0.12150936726758572,1288,0.11382113821138211,0.10657476139978792,1222,0.107988688582538,0.0966772711205373,1182,0.10445387062566278,0.9595794879937181
train/285_D.png,M1,D,0,1,1,poor,0.5,3245908,147864,150754,11316,11394,0.003486235592629243,0.0035102658485699533,2.403025594071058e-05,0.006892895015906681,0.006892895015906681,0.04555397133868243,0.04644432312930619,0.0008903517906237638,0.0008903517906237638,0.019544987285613807,0.8893435760737799,0.8808190827440732,0.898034680517232,17967,15077,0.005535277031881372,0.10312831389183456,1460,0.12902085542594557,0.09137504418522446,1387,0.12256981265464828,0.08244962884411453,1340,0.1184164015553199,0.9583731658479256
train/437_G.png,M0,G,1,1,1,good,0.5,3204624,325222,324575,25021,24280,0.007807780257527873,0.0075765518825297445,-0.0002312283749981277,-0.029615123296430998,0.029615123296430998,0.10148522884431996,0.10128333308369407,-0.00020189576062589558,0.00020189576062589558,-0.0019894103104955998,0.9541810750126578,0.9551320958176076,0.9532319461783029,14563,15210,0.0045443708840725155,0.039806562487510494,577,0.023060629071579873,0.035530154670077134,502,0.020063146956556494,0.031213780424443466,466,0.01862435554134527,0.9924047166039441
train/437_G.png,M1,G,1,1,1,good,0.5,3204624,325222,323981,25021,24405,0.007807780257527873,0.007615558018663032,-0.00019222223886484032,-0.02461931977139203,0.02461931977139203,0.10148522884431996,0.10109797592478868,-0.0003872529195312773,0.0003872529195312773,-0.00381585501595833,0.9558427795312098,0.9576734438130631,0.9540191007988389,13713,14954,0.004279129158366161,0.03596978538028056,579,0.023140561927980495,0.03129371328084409,513,0.02050277766675992,0.027696734742816035,489,0.01954358338995244,0.9926039999010998
train/584_N.png,M0,N,1,1,1,good,0.5,3294288,364129,370643,28852,27615,0.00875818993360629,0.008382691495096968,-0.0003754984385093228,-0.042873977540551785,0.042873977540551785,0.11053344455615295,0.11251080658400237,0.001977362027849417,0.001977362027849417,0.01788926451889303,0.9505098180115736,0.9421572780276438,0.9590117787926806,21439,14925,0.006507931304123987,0.04290863718286427,475,0.016463330098433385,0.03791764868986552,427,0.0147996672674338,0.033585193400804104,407,0.014106474421183974,0.992088121044677
train/584_N.png,M1,N,1,1,1,good,0.5,3294288,364129,375942,28852,27982,0.00875818993360629,0.00849409644815511,-0.00026409348545118096,-0.030153888811867462,0.030153888811867462,0.11053344455615295,0.11411934839941135,0.0035859038432583916,0.0035859038432583916,0.032441799472165085,0.951587077456082,0.936636502439206,0.9670226760296489,23821,12008,0.0072310010539454956,0.03743241369749064,626,0.021696936087619575,0.03330791626230417,551,0.019097462914182725,0.03032718702342992,524,0.01816165257174546,0.9927120168547882
train/296_D.png,M0,D,1,1,1,good,0.5,3242576,280253,271993,18490,16928,0.005702256477565984,0.005220540705907896,-0.0004817157716580891,-0.08447809626825312,0.08447809626825312,0.0864291230182423,0.08388176560857787,-0.002547357409664415,0.002547357409664415,-0.029473368706133388,0.9084936785418093,0.9222884412466498,0.8951054939643822,21137,29397,0.0065185827564257556,0.14272579772850189,1188,0.06425094645754462,0.13266630611141159,1117,0.060411032990805844,0.12525689561925366,1064,0.05754461871281774,0.9594691963378481
train/296_D.png,M1,D,1,1,1,good,0.5,3242576,280253,270372,18490,17123,0.005702256477565984,0.005280678078169948,-0.00042157839939603576,-0.07393185505678745,0.07393185505678745,0.0864291230182423,0.08338185442685075,-0.0030472685913915357,0.0030472685913915357,-0.03525742810960097,0.9117094211123723,0.9283690618851065,0.8956371564265146,19367,29248,0.005972720454354809,0.13710113574905355,1260,0.06814494321254733,0.12731206057328284,1213,0.06560302866414278,0.12038939967550027,1171,0.06333153055705787,0.9601987151026393
train/442_G.png,M0,G,0,0,1,poor,0.5,3207708,210621,199786,13589,12523,0.004236358172252586,0.0039040336589240667,-0.00033232451332851993,-0.07844580175141659,0.07844580175141659,0.06566090180278254,0.06228310058147438,-0.0033778012213081738,0.0033778012213081738,-0.05144311345972149,0.9038734719437047,0.9283833702061205,0.8806244391584884,14308,25143,0.004460505756758409,0.1174479358304511,766,0.05636912208403856,0.10788137464125395,690,0.05077636323496946,0.10052248141879461,657,0.048347928471557874,0.9668232159192985
train/442_G.png,M1,G,0,0,1,poor,0.5,3207708,210621,203042,13589,12814,0.004236358172252586,0.003994752639579413,-0.0002416055326731735,-0.0570314224740599,0.0570314224740599,0.06566090180278254,0.06329815556777611,-0.002362746235006428,0.002362746235006428,-0.03598406616624173,0.9052102798654944,0.9221047862018695,0.8889237065629733,15816,23395,0.004930623360979242,0.10199426006328648,875,0.06439031569651925,0.09147104275516962,795,0.05850320111855177,0.08418573846493488,755,0.05555964382956803,0.9682769829319429
train/590_N.png,M0,N,1,1,1,good,0.5,3294288,399629,392620,27389,26680,0.008314087900025741,0.00809886688716955,-0.0002152210128561923,-0.025886304720873343,0.025886304720873343,0.12130967298548274,0.11918205087108352,-0.0021276221143992267,0.0021276221143992267,-0.017538767206584108,0.9491561365176857,0.9576282410473231,0.9408326222571435,16636,23645,0.005049953130995225,0.05012961407864471,912,0.0332980393588667,0.04315601153747855,876,0.031983643068385116,0.03833655847237942,853,0.031143889882799664,0.9906136170186359
train/590_N.png,M1,N,1,1,1,good,0.5,3294288,399629,397986,27389,26930,0.008314087900025741,0.008174755819770464,-0.00013933208025527824,-0.01675855270364015,0.01675855270364015,0.12130967298548274,0.12081093092042955,-0.0004987420650532072,0.0004987420650532072,-0.004111313243032913,0.9498843426966644,0.9518450397752685,0.9479317066579253,19165,20808,0.005817645573186072,0.04195114827120377,1037,0.0378619153674833,0.03596334294789879,982,0.03585380992369199,0.03161853298769579,954,0.03483150169776188,0.9909588257284139
train/299_D.png,M0,D,1,0,1,poor,0.5,3246804,179157,193195,10192,10897,0.0031390869297931133,0.003356223535513693,0.00021713660572057937,0.06917189952904239,0.06917189952904239,0.055179493434158636,0.05950312984707423,0.004323636412915594,0.004323636412915594,0.0783558554787142,0.7921268047438983,0.7633479127306607,0.8231606914605625,45720,31682,0.014081539877368637,0.18593014128728413,2864,0.28100470957613816,0.1755298273155416,2806,0.2753139717425432,0.1662087912087912,2768,0.271585557299843,0.8742108100624238
train/299_D.png,M1,D,1,0,1,poor,0.5,3246804,179157,201668,10192,11500,0.0031390869297931133,0.0035419446323215076,0.0004028577025283941,0.1283359497645212,0.1283359497645212,0.055179493434158636,0.062112773053131634,0.006933279618972997,0.006933279618972997,0.12564956993028462,0.7811356922470951,0.7375389253624769,0.8302103741411164,52930,30419,0.016302185164241513,0.1781789638932496,3326,0.3263343799058085,0.16679748822605966,3265,0.3203492935635793,0.15728021978021978,3225,0.31642464678178966,0.8458629671380271
train/444_G.png,M0,G,1,1,1,good,0.5,3202488,336757,339668,23952,23466,0.007479184933714037,0.007327427924788477,-0.00015175700892556038,-0.02029058116232465,0.02029058116232465,0.10515480463939288,0.10606378540684618,0.0009089807674533051,0.0009089807674533051,0.008644215265013052,0.9569131832797427,0.9528127465642922,0.9610490650528423,16028,13117,0.005004858722343378,0.031855377421509685,489,0.020415831663326653,0.027471609886439544,416,0.01736806947227789,0.02363059452237809,362,0.015113560454241818,0.9938308679872014
train/444_G.png,M1,G,1,1,1,good,0.5,3202488,336757,346546,23952,23683,0.007479184933714037,0.00739518774153096,-8.399719218307765e-05,-0.011230794923179693,0.011230794923179693,0.10515480463939288,0.10821149056608487,0.003056685926691997,0.003056685926691997,0.029068438072556768,0.9546482307263395,0.9411650978513675,0.9685232972143119,20389,10600,0.006366612458813273,0.028097862391449565,731,0.03051937207748831,0.024089846359385436,628,0.026219104876419506,0.020791583166332665,559,0.023338343353373415,0.993561485181789
train/597_N.png,M0,N,1,1,1,good,0.5,3294288,358879,373298,29744,28845,0.009028961645126352,0.008756065043493464,-0.00027289660163288697,-0.030224583109198493,0.030224583109198493,0.10893977697153376,0.11331674704822407,0.00437697007669032,0.00437697007669032,0.04017788725447853,0.9442306983147518,0.9259947816489775,0.9631992955843056,27626,13207,0.008386030608131407,0.0388986013986014,507,0.017045454545454544,0.03439349112426036,444,0.014927380311995697,0.030560785368477675,416,0.013986013986013986,0.9892562229694514
train/597_N.png,M1,N,1,1,1,good,0.5,3294288,358879,374909,29744,29228,0.009028961645126352,0.008872326888238066,-0.00015663475688828664,-0.01734803657880581,0.01734803657880581,0.10893977697153376,0.11380577532990437,0.00486599835837061,0.00486599835837061,0.044666865433753436,0.9456518776540364,0.9254352389513189,0.9667715302372109,27955,11925,0.00848590044343421,0.034527972027972025,715,0.02403846153846154,0.02988838084991931,634,0.021315223238300162,0.026559978483055406,590,0.01983593329747176,0.9905954746618616
